"sort","ID","BA_1_S92","BA_2_S61","BOU_1_S94","BOU_2_S80","CHILDS_1_S11","CHILDS_2_S12","CLR_1_S59","CLR_2_S60","COL_1_S86","COL_2_S81","sequ"
1,"OTU_1",2738,253,27137,44032,234,385,1392,38,12,88,"CCTTTCTTCTGGAATTGCTCATGCTGGTGCTTCAGTTGATTTAGCTATTTTTTCTCTCCATTTAGCTGGAATTTCTTCAATTTTAGGGGCAGTAAATTTTATTACCACAGTAATCAATATACGGTCAGAAGGAATTACTTTA"
2,"OTU_2",0,0,0,0,49545,28777,5,6,3,15,"CTTATCAGCAGCTATTGCTCATAGAGGGGCTTCAGTAGATCTTGCAATTTTTTCTTTACATTTAGCAGGAGTATCTTCTATTCTAGGATCAGTAAATTTTATTACAACTGTAATTAATATACGAGCAAATGGAATTACATTA"
3,"OTU_3",66601,123,108,53,1078,1582,23,22,2,10,"CTTATCATCTGGAATTGCCCATGCCGGGGCTTCCGTTGATTTAGCAATTTTTTCACTTCACCTAGCAGGAATTTCATCTATTCTAGGGGCTGTAAATTTTATTACTACAATTATTAATATACGATCTAATGGAATTACTTTT"
4,"OTU_4",6400,38630,255,550,34,34,82,56,19,252,"TCTATCTTCAGGAATTGCTCATGCCGGAGCATCTGTTGATTTAGCTATTTTTTCTTTACATTTAGCAGGAATTTCTTCTATTTTAGGAGCTGTTAATTTTATTACTACAGTTATCAATATGCGTTCAAACGGTATTACATTA"
5,"OTU_5",1936,163,31923,2043,8,74,89,9,4,263,"ATTATCATCTGGAATTGCTCACGCTGGAGCTTCAGTTGATTTAGCCATTTTTTCCTTACATTTAGCTGGAATTTCTTCTATTTTAGGAGCAGTAAATTTTATTACAACTGTAATTAATATACGATCTGAAGGGATTACCTTA"
6,"OTU_6",941,70,0,0,5,8,8,1,7079,9391,"ACTCTCAGCCAATGTGGCTCACAGAGGCTCTTCAGTTGACCTAGCTATTTTCAGCCTCCATTTAGCAGGTATCTCTTCAATTCTAGGAGCAGTAAATTTTATTACAACAGTGATCAACATACGATCCCCAGGAATAACCTTT"
7,"OTU_7",0,0,0,0,0,0,0,0,3009,13960,"TCTTTCTAGCAATATTGCACATAGAGGAGCTTCTGTCGACCTAGCAATTTTTTCTTTACATTTAGCTGGAGTGTCATCTATTTTAGGTTCAGTAAATTTTATTACAACAGTAATTAATATACGATCAAATGGAATTACTTTA"
8,"OTU_8",0,0,0,0,108,130,26,20,12732,1055,"TCTATCTCTAAATGTAGCACATGCTGGAGCTTCTGTAGATTTAGCTATTTTCTCTTTACACTTAGCTGGAATTTCTTCAATTTTAGGAGCCGTAAATTTTATTACAACTGTAATTAATATACGATCTGAAGGAATTTCTTTA"
9,"OTU_9",0,0,0,0,0,0,0,0,6905,96,"TCTATCATCAGGTATTGCACATGCAGGAGGATCTGTAGACTTAGCAATTTTTTCTCTTCATTTAGCAGGTATTTCTTCAATTTTAGGAGCAGTAAACTTTATTACAACAGTAATTAACATGCGATCTAATGGAATTACTTTA"
10,"OTU_10",436,33,3042,2565,345,679,31,25,4,27,"CTGTCTTCAAATATTGCACATGCAGGAGCTTCAGTTGATTTAGCTATTTTTTCTTTACACTTAGCAGGTATCTCTTCAATTTTAGGAGCAGTAAATTTTATTACTACAGTTATCAATATACGGTCTGAAGGAATCTCTTTA"
11,"OTU_11",3969,368,1596,807,0,0,416,1,2,17,"TCTGTCTTCCGGAATTGCCCATGCCGGAGCTTCAGTAGATTTAGCTATTTTTTCCCTCCATTTAGCAGGAATTTCTTCTATCTTAGGAGCAGTAAATTTTATCACCACAGTAATTAATATACGATCAGAAGGAATTTCTTTA"
12,"OTU_12",0,0,0,0,0,0,0,0,5530,320,"ACTATCATCAGGAATTGCTCATGCTGGAGCTTCAGTTGATTTAGCTATTTTTTCCCTTCATTTAGCAGGAATCTCTAGAATCTTAGGAGCTGTAAATTTTATTACAACTGTAATTAATATACGATCTGAAGGAATTACATTA"
13,"OTU_13",557,1343,14,22,806,1116,5,10,3,9,"TCTTTCATCGGGAATTGCCCATGCTGGAGGATCCGTTGATTTAGCTATTTTTTCTCTACACTTAGCTGGTATTTCTTCAATTTTAGGAGCTGTAAATTTTATTACAACTGTTATTAATATGCGTTCAGAAGGAATTACACTA"
14,"OTU_14",4394,727,0,0,0,0,0,0,0,0,"CCTTTCGGCTGGCATTGCTCATGCAGGTGCATCAGTAGACTTGAGAATTTTTTCTTTGCATTTAGCTGGAATTTCATCAATTTTAGGGGCTGTAAATTTTATTACAACTGTTATTAATATGCGATCTTATGGAATAACTTTA"
15,"OTU_15",1809,1466,851,307,3,0,48,2,0,52,"ATTATCATCTGGAATTGCTCACGCTGGAGCTTCAGTTGACTTAGCTATTTTTTCCCTACATTTAGCTGGAATTTCTTCTATTTTAGGAGCAGTTAATTTTATTACAACTGTAATTAATATACGATCTGAAGGAATTACCTTA"
16,"OTU_16",0,0,0,0,0,0,0,0,3978,0,"TCTTTCTTCTAGTATCGCTCATGCAGGAGCTTCTGTTGATTTAGCTATTTTTTCTTTACATTTAGCAGGAATTTCTTCAATTTTAGGGGCGGTAAATTTTATTACAACAGTAATTAATATACGATCTGAAGGAATTTCTTTT"
17,"OTU_17",0,0,0,0,0,0,1,0,3130,338,"TCTTTCCTCAAACATTGCCCATAGAGGAGCTTCTGTCGATCTAGCAATTTTTTCTTTACATTTAGCAGGAATCTCCTCTATTTTAGGCTCTGTAAATTTTATTACTACAGCAATTAATATACGAGCAAATGGTATTACTCTA"
18,"OTU_18",21,1,0,0,0,3443,0,0,0,1,"CTTATCTTCTAATATTGCCCATGGTGGAGCTTCTGTTGATTTAGCAATTTTTTCTTTGCATTTAGCAGGAATTTCATCAATTTTAGGAGCCGTAAACTTTATTACAACTGTAATTAATATACGATCTACAGGAATTACCTTT"
19,"OTU_19",1531,113,0,0,424,686,3,1,0,3,"TCTTTCTTCAGGAATTGCTCATACGGGGGGTTCTGTAGATTTAGCTATTTTCTCTTTACATTTAGCAGGTATTTCTTCGATTTTAGGAGCAGTAAATTTTATTACTACTGTAATTAATATACGATCTAACGGAATTACATTA"
20,"OTU_20",0,0,0,0,783,1179,222,182,33,190,"ACTTTCCTCTGGAATTGCTCATGCCGGAGCTTCCGTTGATTTAGCAATTTTTTCTTTACACCTAGCGGGTATTTCATCTATTTTAGGGGCTGTAAATTTTATTACAACGGTAATTAATATACGATCTAGTGGAATTACTTTA"
21,"OTU_21",399,33,224,0,20,15,1729,28,6,38,"TCTATCTTCTGGAATTGCTCATGCAGGAGCTTCAGTAGATTTAGCTATTTTTTCTTTGCATTTAGCAGGGATTTCCTCTATTTTAGGAGCTGTAAATTTTATTACAACAGTTATTAATATACGATCTAATGGTATTACTTTA"
22,"OTU_22",3439,343,272,965,547,767,55,24,15,70,"TCTTTCTTCTGGAATTGCTCATGCTGGGGCTTCAGTTGATTTAGCTATTTTTTCTCTTCATTTAGCTGGAATTTCTTCAATTTTAGGGGCAGTAAACTTTATTACCACAGTAATCAATATACGATCAGAAGGAATTACTTTA"
23,"OTU_23",630,42,650,501,2,7,7,0,0,0,"GTTATCATCAGGAATTGCTCATGCCGGAGCTTCAGTTGATTTAGCAATTTTTTCTTTACATTTAGCTGGAATTTCCTCGATTTTAGGGGCAGTTAACTTTATCACTACTGTGATTAATATACGGTCTGAAGGTATTTCTTTA"
24,"OTU_24",0,0,0,0,731,990,0,0,0,0,"TCTTTCTTCTAATATTGCCCATAGAGGGGGATCTGTAGATTTAGCAATTTTTTCTTTACATTTAGCAGGAATTTCATCAATTTTAGGATCTGTAAATTTTATTACAACTGTAATTAATATACGATCAAATGGTATTACTCTA"
25,"OTU_25",114,5,882,164,2,12,0,0,1,370,"CCTTTCATCTAATATTGCTCATGCGGGAGCTTCAGTAGATTTAGCTATTTTTTCACTTCACTTAGCGGGTATTTCTTCTATTTTAGGGGCTGTTAATTTCATTACAACTGTAATTAATATACGCTCTGAAGGAATTACATTA"
26,"OTU_26",6,0,485,249,0,0,299,307,53,279,"TCTCTCTTCAAATATTGCTCATGCAGGAGCTTCAGTAGATTTAGCTATTTTTTCACTTCATCTTGCAGGTATTTCTTCTATTTTAGGAGCTGTAAATTTTATTACTACTGTTATTAATATACGATCAGAAGGAATTTCTTTA"
27,"OTU_27",0,0,891,716,0,0,0,0,0,0,"TTATCCTTAAATATTGCTCATGCAGGGGCTTCCGTTGATTTAGCTATTTTTTCTCTCCACTTAGCAGGAATTTCTTCAATTTTAGGAGCAGTAAATTTTATTACAACAGTAATTAATATGCGGTCTGAAGGAATCACTTTA"
28,"OTU_28",0,0,0,0,1,3,0,0,730,646,"TCTATCTTCAGGAATTGCCCACGCCGGAGGATCAGTTGATTTAGCTATTTTCTCCCTACATTTAGCAGGTATTTCATCAATTTTAGGAGCTGTAAATTTTATTACAACAGTAATTAATATACGTTCTAATGGAATTACCTTA"
29,"OTU_29",0,0,0,0,479,920,1,1,0,0,"CCTTTCTGCGGCTATTGCCCATAGAGGTGCTTCTGTTGATTTAGCTATTTTTTCTCTTCATTTAGCAGGTGTTTCTTCTATTTTAGGATCTGTAAATTTTATTACTACAGTTATTAACATACGAGCTAATGGAATTACATTA"
30,"OTU_30",11,0,0,0,15,9,4,0,0,1171,"TCTTTCGTCTAATATTGCACACGGGGGAGCTTCAGTTGATCTGGCAATTTTTTCTCTCCATTTAGCTGGAATTTCTTCTATTTTAGGTTCAGTTAATTTTATTACTACAGCAATTAACATACGAGCTAATGGAATTACTTTA"
31,"OTU_31",1060,57,0,0,0,0,1,0,9,9,"TCTTTCGTCAAGAATTGCTCATAGAGGGGCTTCTGTTGATCTAGCTATTTTTTCTCTTCATTTAGCAGGAATTTCTTCTATTTTAGGATCAGTAAATTTTATTACTACGGCAATTAATATACGTTCTAGAGGTATTACACTA"
32,"OTU_32",556,28,254,82,53,93,53,26,10,41,"GCTTTCTTCAGGAATTGCTCATGCCGGAGCCTCCGTAGACTTAGCTATTTTTTCATTACACTTAGCTGGAATTTCCTCTATTTTAGGGGCTGTAAATTTTATTACAACAATTATTAATATACGATCTAATGGGATTACATTT"
33,"OTU_33",0,0,0,0,411,564,6,1,1,13,"ACTATCTTCTGGAATTGCTCATGCTGGAGCTTCTGTTGATTTAGCAATTTTTTCTTTACATTTAGCAGGAATTTCTTCTATTTTAGGAGCTGTAAATTTTATTACTACAGTAATTAATATACGATCAGAAGGAATTACTCTT"
34,"OTU_34",0,0,0,3,245,468,82,63,17,67,"TTTATCTTCAAACATTGCTCACGCAGGAGCTTCTGTAGATTTAGCTATTTTTTCACTTCATTTAGCAGGAATCTCTTCAATTTTAGGAGCTGTTAATTTTATTACGACAGTAATTAATATACGATCAGAAGGAATTTCATTA"
35,"OTU_35",694,78,0,0,4,0,2,4,1,0,"TTTATCTTCAGGAATTGCTCATGCAGGTGCTTCAGTAGATTTAGCTATTTTTTCCTTACATTTAGCAGGTATTTCAAGTATTTTAGGAGCAGTAAATTTTATTACTACAGTAATTAATATACGATCAGAAGGAATTACTCTT"
36,"OTU_36",1,0,736,3,0,0,0,0,0,0,"TTTATCCTCAGGAATTGCTCATGCAGGAGCTTCTGTTGATTTAGCAATTTTTTCCCTTCACTTAGCTGGTATTTCCTCAATTTTAGGGGCTGTAAATTTTATTACTACAGTAATTAATATGCGTTCTAATGGAATTACTCTT"
37,"OTU_37",0,0,0,0,0,0,0,0,12,713,"TCTATCATCTAATATCGCGCATGCCGGAGCTTCTGTAGATCTTGCAATTTTTTCTCTACATTTAGCCGGTATTTCTTCTATTTTAGGAGCTGTAAATTTTATTACAACTGTAATTAATATACGATCTGAAGGAATCACCCTA"
38,"OTU_38",529,29,0,23,157,245,1,2,0,2,"TCTTTCATCGGGAATTGCTCATGCTGGAGGATCTGTTGATTTAGCTATTTTTTCTCTACATTTAGCTGGTATCTCTTCAATTTTAGGAGCTGTAAATTTTATTACAACTGTTATTAATATACGTTCAGAAGGAATTACACTA"
39,"OTU_39",625,39,9,29,0,0,1,0,0,0,"GTTAGCGGCTAATATCGCCCATGGTGGTTCATCGGTTGATTTTGCTATCTTCTCTCTGCACTTGGCGGGGGTTTCTTCTATTTTAGGGGCAGTTAACTTCATTACTACCGTTGTTAATATACGCAGTCCTGGTATAACCTTA"
40,"OTU_40",0,0,325,424,0,0,1,0,0,0,"TTTATCAGCTAATATATCTCATAGAGGAGCTTCTGTAGATTTAGCTATTTTTTCTTTACATCTAGCCGGTATTTCTTCTATTTTAGGAGCCGTAAATTTCATTACTACAATTATTAATATACGATCAAATGGTATTTCTTTT"
41,"OTU_41",564,34,0,0,0,0,20,2,37,31,"ACTAGCATCAGGAATTGCTCACGCAGGAGCAGCCGTAGATTTGGCTATTTTTAGCCTTCATCTTGCCGGGGTATCCTCAATTTTAGGAGCTGTAAATTTTATTACTACAGTAATTAATATACGATCCCCAGGTATAACTTTT"
42,"OTU_42",0,0,0,0,338,211,25,15,1,21,"TCTGTCTTCAAATATTGCACATGCAGGAGCTTCAGTTGATTTAGCTATTTTTTCTCTTCATTTAGCAGGTATTTCTTCAATTTTAGGAGCAGTAAATTTTATTACTACAGTAATTAATATACGATCAGAAGGAATTTCTTTA"
43,"OTU_43",6,0,149,0,111,362,5,3,0,0,"TCTGTCAGCAGGTATTGCCCATGCGGGATCATCAGTTGATATGGCTATTTTTTCCTTACATCTAGCCGGGGTTTCATCTATTTTAGGGGCTGTAAATTTTATTACAACAGTTATTAATATGCGATCTAGAGGAATAACATTA"
44,"OTU_44",8,0,304,254,0,0,0,0,0,1,"CCTTTCTTCAGGAATCGCACACGCTGGGGCTTCTGTAGATTTAGCAATTTTTTCTCTTCATTTAGCTGGAATCTCTTCTATTTTAGGGGCTGTAAATTTTATTACAACAATTATTAATATACGATCTAATGGAATCACATTT"
45,"OTU_45",0,0,0,0,249,261,17,11,2,17,"ACTAGCATCAGGAATTGCCCACGCAGGGGCAGCCGTAGATTTAGCTATTTTTAGTCTTCATCTTGCCGGAGTATCTTCCATTTTAGGAGCTGTAAATTTTATTACTACAGTAATTAATATACGATCTCCAGGTATAACTTTC"
46,"OTU_46",267,136,0,0,0,0,128,0,0,0,"GTTAAGAAGAAATATTGCCCATAGGGGAGCCTCTGTTGATTTTGCGATTTTTTCTCTTCATTTGGCGGGAATTTCTTCACTGTTGGGAGCGGTTAATTTTATTAGAACTTTAGGAAATTTACGAGTATTAGGGATACTTCTA"
47,"OTU_47",14,0,214,295,0,3,4,0,0,0,"TCTTTCCTCTAATCTAGCCCATGGGGGAGCTTCAGTAGATTTAGCTATTTTTTCTTTACACTTAGCAGGAATTTCATCTATTCTAGGTGCAGTAAATTTCATTACTACTGTTATTAATATACGATCAACAGGAATTTCATTT"
48,"OTU_48",6,0,0,0,185,323,5,1,0,2,"ACTCTCATCAGGTATTGCCCATGCTGGTGCATCAGTAGATTTAGCTATTTTTTCTCTTCACCTTGCAGGAATTTCTTCAATTTTAGGAGCTGTAAATTTTATTACAACAATTATTAATATACGATCTAATGGGATCACATTT"
49,"OTU_49",30,3,190,114,79,126,7,6,1,5,"CCTTTCTTCAGGAATTGCCCATGCTGGAGCTTCTGTCGATTTAGCTATTTTTTCTCTTCATTTAGCCGGAATCTCTTCTATTTTAGGAGCTGTAAATTTCATTACAACTATTATTAACATGCGATCAAATGGAATTACATTT"
50,"OTU_50",0,0,0,0,199,313,1,1,0,2,"CCTTGCTTCAGGGATTGCTCATGCGGGGGCTTCAGTAGATTTAGCTATTTTTTCTTTACACCTTGCAGGGATTTCTTCAATTTTAGGAGCAGTAAATTTTATTACAACTGTAATCAATATACGATCTAGAGGAATTACTTTA"
51,"OTU_51",0,5,69,276,20,0,1,0,4,117,"TCTATCTTCTGGAATTGCTCATGCCGGAGCTTCAGTAGATTTAGCTATTTTTTCATTACATTTAGCAGGAATTTCTTCAATTTTAGGAGCAGTAAATTTTATTACAACTGTAATTAATATACGATCTCCTGGAATTACACTT"
52,"OTU_52",109,7,541,132,0,0,1,0,0,0,"CTTTCATCTAATATCGCTCATGCTGGAGCTTCAGTGGATTTAGCTATTTTTTCACTTCACTTAGCAGGTATTTCTTCTATTTTAGGGGCTGTTAATTTCATTACAACTGTAATTAATATACGTTCTGAAGGAATTACATTA"
53,"OTU_53",0,0,0,0,200,226,0,0,0,0,"TTTATCTTCTAATATTGCCCATAGTGGAGCTTCTGTTGATTTAGCCATTTTTTCATTACATTTAGCAGGAATCTCTTCAATTCTTGGTTCAGTAAATTTCATTACTACAGCCATTAATATACGAAGAAATGGTATTACACTA"
54,"OTU_54",0,0,283,152,0,0,0,0,0,0,"TCTATCTTCTAATATTGCACATGCTGGGGCTTCCGTAGATTTAGCTATTTTTTCTCTTCATTTAGCCGGGATTTCCTCAATTTTAGGGGCAGTAAATTTTATTACCACAGTAATTAATATACGATCTGAAGGAATTTCATTA"
55,"OTU_55",380,35,0,49,79,132,2,0,1,3,"CCTATCATCTGGAATTGCCCATGCTGGTGCTTCCGTTGATTTAGCAATTTTTTCACTTCACCTAGCGGGAATTTCATCTATTCTAGGAGCTGTAAATTTTATTACTACAATTATTAATATACGATCTAATGGAATTACTTTT"
56,"OTU_56",185,18,105,36,3,13,4,4,0,16,"TCTTTCTGCTGGAATTGCTCATGCCGGAGCATCAGTTGACTTGGCAATTTTCTCTCTACATTTAGCTGGGATTTCTTCTATTTTGGGGGCCGTAAATTTTATTACAACAGTAATTAATATACGGTCTGAAGGAATTACTTTA"
57,"OTU_57",338,27,0,0,0,0,0,0,0,1,"TCTTTCAGCAAGTATTGCTCATAGAGGGGCTTCTGTCGATTTAGCTATTTTTTCTCTACATTTAGCTGGAATTTCATCAATTTTAGGTTCAGTAAATTTTATTACTACTGTTATTAATATACGATCAAAAGGAATCACTTTA"
58,"OTU_58",133,20,14,1,0,0,187,4,0,5,"TCTATCTTCAGGAATTGCTCATGCCGGGGCATCTGTAGATCTAGCTATTTTTTCCCTTCATTTAGCAGGGATTTCTTCAATTCTTGGAGCAGTAAATTTTATTACTACAGTAATTAATATACGATCAGAAGGGATTACTTTA"
59,"OTU_59",55,6,0,0,428,487,8,4,0,5,"TCTTTCATCAGGAATTGCCCATGCTGGTGGATCCGTTGATTTAGCTATTTTTTCTCTTCATTTAGCTGGTATTTCTTCAATTTTAGGAGCTGTAAATTTTATTACAACTGTTATTAATATACGTTCAGAAGGAATTACACTA"
60,"OTU_60",0,0,38,58,56,85,2,0,1,1,"TCTGGCGGCCAATATCGCTCATGGAGGGTCATCTGTAGATTTTGCTATTTTTTCATTGCATTTGGCGGGTGTATCGTCAATTTTAGGTGCTGTAAATTTTATTACCACAGTAATTAATATGCGTAGCCCAGGGATGGGATTT"
61,"OTU_61",0,2,0,0,0,1,71,65,6,67,"TCTTTCTTCAGGAATTGCCCATGCAGGGGGGTCAGTTGACTTAGCTATTTTTTCCCTTCACCTTGCGGGTATTTCTTCTATTTTAGGGGCAGTAAATTTTATTACAACAGTAGTAAATATACGGTCTAACGGAATTACTCTA"
62,"OTU_62",160,12,74,50,0,12,0,0,0,0,"TTTATCTAGAAGAATTGCTCATAGAGGAGCTTCAGTTGATTTAGCAATTTTTTCTCTTCATTTAGCAGGAGTATCATCTATTTTAGGATCTGTAAATTTTATTACAACAGTTATTAATATACGATCAAATGGAATTACTTTA"
63,"OTU_63",4,0,0,0,141,168,10,0,0,0,"TCTTTCTTCAGGAATTGCGCATGCCGGAGCATCTGTTGATTTAGCAATTTTTTCATTACACTTAGCAGGTATTTCTTCAATTTTAGGAGCTGTAAATTTTATTACAACGGTAATTAATATACGATCTAGAGGAATTACATTA"
64,"OTU_64",0,0,164,111,0,0,0,0,0,0,"TTTATCAGCAGGAATCGCACATGCTGGAGCTTCAGTTGATTTAGCTATTTTTTCTCTTCATTTAGCAGGAATTTCTTCTATTTTAGGGGCTGTTAATTTTATTACAACTGTAATTAATATGCGATCAGTTGGTATTACTTTT"
65,"OTU_65",258,19,0,0,0,0,0,0,0,0,"GCTATCTTCTAATATTGCTCATGGAGGAGCATCTGTAGATTTAGCTATTTTTTCACTGCACTTAGCAGGAATTTCTTCTATTTTAGGTGCTGTAAATTTTATTACTACTGTAATTAATATACGATCTACAGGAATTACTTTT"
66,"OTU_66",0,0,0,1,0,0,107,82,18,102,"TCTCTCTAGCAGTATTGCTCATAGAGGTGCTTCAGTTGATTTAGCAATTTTTTCTTTACATTTAGCAGGAGTTTCATCTATTTTAGGTTCAGTAAATTTTATTACAACAGTTATTAATATACGATCTAACGGTATTACTTTA"
67,"OTU_67",200,29,0,0,8,31,3,6,0,3,"ATTATCTTCAGGGATTGCTCATGCAGGGGGATCTGTTGACTTAGCTATTTTTTCTTTACATTTAGCAGGAATTTCTTCAATTTTAGGAGCTGTAAATTTTATTACAACAGTAATTAATATACGTTCAGATGGAATTACTTTA"
68,"OTU_68",260,25,0,0,0,0,0,0,0,0,"TCTTTCTTCTAATATTGCTCATGCTGGAGCTTCAGTAGATTTAGCAATTTTTTCACTTCACTTAGCTGGTATTTCTTCAATTTTAGGGGCTGTAAATTTTATTACAACAGTAATTAATATACGATCAGAGGGAATTACTTTA"
69,"OTU_69",8,0,0,0,127,136,0,0,2,0,"TTTATCAGATATTTCAAGTCATTCTAGTGTTGCTGTTGATTTAGCAATTTTTAGTTTACATTTAGCTGGTATTTCTTCATTATTAGGTGCTATAAATTTTATTACAACAATTGTAAATATGCAAATAAAAAGTTTTGACTGG"
70,"OTU_70",149,13,0,76,0,0,4,0,1,10,"TCTTTCTTCAAATATTGCTCATAGAGGGGCTTCAGTAGATTTAGCTATTTTTTCTTTACATTTAGCAGGAATTTCTTCTATTTTAGGAGCTGTAAATTTTATTACGACTGTAATTAATATACGATCCACAGGAATTACTTTT"
71,"OTU_71",0,0,0,0,126,133,0,0,0,0,"TCTTTCATCTGGTATTGCTCATGCCGGGGCCTCAGTAGACCTTGCTATTTTTTCTTTACATTTAGCTGGTATTTCTTCTATTTTAGGAGCTGTAAATTTTATTACTACAGTAATTAATATACGATCAGAAGGAATTACCCTC"
72,"OTU_72",0,0,107,154,0,0,0,0,0,0,"TTTATCAGCCAATGTTGCCCACAGAGGATCCTCCGTTGATTTAGCCATTTTTAGTCTTCATTTAGCCGGAATTTCATCAATTCTTGGAGCAGTAAATTTTATCACAACAGTAATCAATATACGATCCCCAGGAATAACCTTT"
73,"OTU_73",0,0,0,0,94,151,0,1,0,0,"TCTTTCTTCAAACATTGCCCATAGTGGAAGATCTGTAGATTTAGCTATTTTTTCTCTTCATTTAGCTGGTATTTCTTCTATTTTAGGATCAGTAAATTTTATTACTACAGTAATTAATATGCGATCAATGGGTATTTCTTTA"
74,"OTU_74",0,0,0,0,0,0,0,0,142,80,"TCTTTCTTCTAACATTGCACATAGAGGAGCTTCCGTTGATTTAGCAATTTTTTCTCTACACTTAGCAGGAATCTCTTCAATTCTTGGTTCAGTAAATTTTATCACAACAGCAATTAATATACGAGCTAATGGTATTACATTA"
75,"OTU_75",0,0,0,0,130,85,2,7,4,5,"TTTATCTTCTAACATTGCCCACGCAGGGGCCTCTGTTGATTTAGCTATTTTCTCATTACATTTAGCGGGTATTTCTTCAATTTTAGGAGCTGTAAATTTTATTACAACAGTAATTAACATACGGTCAGAAGGAATTTCACTG"
76,"OTU_76",0,0,0,0,59,148,0,0,0,1,"ATTAGCATCAGGAATTGCCCATGCAGGGGCAGCAGTAGATTTAGCTATTTTTAGTCTACATCTTGCTGGGGTATCCTCAATTTTAGGGGCTGTAAATTTTATTACTACAGTAATTAATATACGATCCCCAGGAATAACTTTT"
77,"OTU_77",0,0,0,0,113,98,0,0,0,0,"TTTATCAGCCAACGTAGCTCATAGAGGTTCCTCAGTTGATCTAGCCATTTTCAGCCTTCATTTAGCAGGAATCTCCTCAATTCTAGGCGCAGTAAACTTTATTACAACAGTAATCAATATACGATCTCCGGGAATATCTTTT"
78,"OTU_78",140,27,0,0,0,0,35,1,0,6,"TTTGTCTTCAGGAATTGCTCATGCCGGAGCTTCTGTTGATTTAGCTATTTTTTCTTTACATTTAGCAGGTATTTCTTCTATTTTAGGAGCTGTTAATTTTATTACTACGGTTATTAATATACGTTCAAATGGTATTACTTTA"
79,"OTU_79",43,0,0,0,12,77,24,10,3,20,"TCTTTCCTCAGGTATTGCCCATGCCGGAGCTTCTGTAGATTTAGCTATTTTTTCTTTACATTTAGCTGGAATTTCCTCAATTTTAGGAGCTGTAAATTTTATTACTACTGTAATTAATATACGTTCAGAAGGAATTACATTA"
80,"OTU_80",0,0,0,1,41,0,57,44,6,43,"TCTTTCTGCTAGAATTGCTCATAGAGGAGCTTCTGTTGATTTAGCAATTTTTTCACTTCATTTAGCAGGTATTTCTTCTATTCTAGGTTCAGTAAATTTTATTACTACAGCAATTAATATACGATCCAGAGGTATTACTTTA"
81,"OTU_81",0,0,0,1,0,0,53,58,12,64,"ATTATCTTCAAATATTGCTCATAGAGGGGCATCTGTAGATTTAGCAATTTTTTCTTTACATTTAGCAGGTGTATCTTCAATTTTAGGATCAGTAAATTTTATTACTACAGTAATTAATATACGATCTAATGGAATTACTTTA"
82,"OTU_82",0,0,0,0,56,109,0,0,0,3,"TTTAGCCAGAGGAATCGCTCACGCGGGAGGGGCCGTTGACTTAGCGATTTTTAGCCTTCACTTGGCTGGGGTCTCCTCTATTTTAGGAGCTATTAATTTTATTACCACCATTATTAATATACGAACCCCCGGCATAACCTTT"
83,"OTU_83",0,0,0,0,79,86,0,0,0,0,"TCTTTCTTCTAATATTGCACACAGAGGAGCTTCGGTTGATTTAGCAATTTTTTCATTACATTTAGCTGGAGTTTCATCCATTTTAGGATCAGTAAATTTTATTACAACAGTAATTAATATACGAGCAAATGGTATTACTTTA"
84,"OTU_84",0,0,0,0,86,65,0,0,0,0,"GCTTTCATCAGGAATTGCTCATACTGGAGGTTCAGTAGATTTAGCTATTTTTTCTCTTCATTTAGCTGGTATTTCTTCTATTTTAGGAGCAGTAAATTTTATTACTACTGTTATTAATATACGATCAAATGGAATTACTCTA"
85,"OTU_85",7,0,0,0,52,76,0,1,0,1,"ATTGTCTTCTGTTCCAGCCCATGCAGGACCTTCTGTGGATTTAGCTATTTTTAGTCTACATCTTGCAGGAGCAGCATCTTTGATGGGAGCAATTAATTTTATTTGTACTATTTTAAATATGCGTAGTCCGGGATTACGTATG"
86,"OTU_86",1,0,117,20,0,0,8,0,0,0,"TTTATCTTCAGGAATTGCTCATGCTGGAGCTTCCGTAGATTTAGCTATTTTTTCTCTTCATCTTGCAGGTATTTCTTCTATTTTAGGAGCTGTAAATTTTATTACAACTATTATTAATATACGATCAAATGGGATTACATTT"
87,"OTU_87",101,5,0,38,0,0,0,0,0,0,"CCTTTCATCAGGAATCGCTCATGCTGGGGGTTCTGTAGATTTAGCTATTTTTTCCCTTCATTTAGCTGGTATTTCTTCTATTTTAGGAGCAGTAAATTTCATTACAACTGTTATTAACATACGATCAGAAGGAATTTCATTA"
88,"OTU_88",1,0,0,0,17,26,37,26,6,43,"TTTATCTTCTGGAATTGCTCATGCTGGAGGTTCTGTAGATTTAGCTATTTTTTCTTTACATTTAGCAGGTATTTCTTCTATTTTAGGAGCTGTAAATTTTATTACAACAGTAATTAATATACGTTCAAATGGTATTACATTA"
89,"OTU_89",122,7,0,0,0,0,0,0,0,0,"CCTTTCTTCTGGGATTGCTCACGCTGGAGCTTCTGTAGATTTAGCAATTTTTTCTTTACATTTAGCAGGAATTTCTTCTATTTTAGGGGCTGTTAATTTCATTACAACAGTAATTAATATACGATCAGAAGGTATTTCTTTA"
90,"OTU_90",0,0,0,0,112,0,0,0,0,0,"TTTAGCGAATAACATTGCGCATAGAGGGGCTTCCGTAGACTTAGCTATTTTTTCACTTCATTTAGCCGGGATTTCCTCAATTTTAGGGGCCGTAAATTTTATTACTACAATTATTAATATACGATCAAAAGGCATCTCTTTT"
91,"OTU_91",0,0,0,0,70,45,0,0,0,0,"CTTATCTTCAGGAATTGCCCATGCAGGAGCTTCAGTAGATTTAGCTATTTTTTCCTTACATTTAGCGGGAATCTCTTCAATTTTAGGAGCAGTAAATTTTATTACTACTGTAATTAATATACGATCAGCAGGAATTACTTTA"
92,"OTU_92",0,0,0,0,47,68,0,0,0,0,"TCTATCTTCTAATATTGCACATAGTGGCGCATCTGTTGATTTAGCTATTTTTTCTCTTCATTTAGCTGGAATTTCGTCAATCTTAGGATCAGTTAATTTTATTACAACAGCTATTAATATGCGAGCAAACGGGATTACTTTA"
93,"OTU_93",0,0,0,0,7,0,45,35,9,32,"ACTATCTTCTAATATTGCTCACAGAGGTGCTTCAGTTGATTTAGCAATTTTTTCACTTCACTTAGCTGGAATTTCATCAATTTTAGGTTCTGTAAATTTTATTACTACAGCAATTAACATACGAAGTAATGGAATCACCTTA"
94,"OTU_94",0,0,0,0,17,51,11,7,4,10,"ACTTTCAGCAAGAATTGCCCATAGAGGAGCTTCTGTTGATTTAGCAATTTTTTCTCTTCACTTAGCTGGTATTTCCTCAATTTTAGGATCAGTTAATTTTATTACTACAGCTATTAATATACGAGCAAATGGAATTACTTTA"
95,"OTU_95",0,0,0,0,0,16,39,33,4,38,"CCTTTCTTCAGGAATTGCTCACGCAGGGGCATCAGTTGATCTAGCTATTTTTTCTTTACATCTAGCAGGAATCTCAAGAATTCTAGGAGCTGTAAATTTTATTACTACAGTAATTAATATACGATCAGAAGGAATTACCTTA"
96,"OTU_96",34,2,55,13,0,0,0,0,0,0,"ACTATCATCAGGGATTGCACATGCAGGAGCTTCTGTAGATTTAGCAATTTTCTCTTTACACCTTGCCGGTATTTCATCAATTCTAGGAGCAGTAAATTTTATTACTACAATTATTAATATACGATCTATTGGTATTACTATA"
97,"OTU_97",27,0,50,23,1,6,0,0,0,0,"TTTATCTTCTGGAATTGCCCATGCAGGCGGTTCTGTTGATTTAGCAATTTTTTCTTTACATCTTGCTGGTATTTCTTCTATTTTAGGGGCAGTAAATTTTATTACAACAGTAATTAATATACGATCAAATGGAATTACTTTA"
98,"OTU_98",0,0,0,100,0,0,2,0,0,0,"TTTAAGTGGGAGTGTGTCACACTCTCGTGGCTCAGTAGACCTGGCCATTTTTTCCTCGCACTTAGCCGGGGTTTCTTCGCTGTTGGGGGCCGTAAATTTTATTAGCACGTTGGGGAACCTCCGAACATTTGGCCTGCTGTTA"
99,"OTU_99",0,0,0,0,1,3,39,26,11,35,"TCTTTCTTCAGGAATTGCTCATGCAGGGGGATCAGTTGACTTAGCTATTTTTTCCCTTCACCTTGCGGGTATTTCTTCTATTTTAGGGGCAGTAAATTTTATCACAACAGTAGTAAACATACGGTCTAACGGAATTACCCTA"
100,"OTU_100",0,0,0,0,42,57,0,0,0,0,"ACTTTCTTCTAATATCGCTCATAGAGGTAGTTCAGTTGATCTGGCTATTTTTTCTTTACATTTAGCAGGTATCTCTTCAATTTTAGGGTCTGTAAACTTTATTACAACTGTAATTAATATACGATCAAGAGGAATTTCATTA"
101,"OTU_101",0,0,0,0,14,23,24,12,2,24,"TTTAGCATCTGGAATTGCCCATGCTGGAGCATCAGTAGATTTAGCTATTTTTTCCCTACATCTTGCAGGAATTTCATCTATTCTAGGGGCAGTAAACTTTATTACAACAGTAATTAATATACGGTCAAGAGGAATTACCCTA"
102,"OTU_102",85,8,0,0,0,0,0,0,0,0,"ACTATCTTCAAATATTGCACACAGAGGCTCATCAGTTGATTTAGCAATTTTTAGTTTACACTTAGCCGGTATTTCATCAATTTTAGGGGCCGTAAATTTTATTTCTACAGTAATCAATATACGATCAACTGGAATTACCTTT"
103,"OTU_103",80,5,0,0,0,0,0,0,0,0,"TCTTTCATTAAATGTTGCTCATGCAGGAGCTTCAGTAGATTTAGCGATTTTTTCTCTTCATTTAGCAGGTATTTCATCAATTTTAGGAGCTGTAAATTTTATTACTACAGTAATTAATATACGATCAGAGGGAATCTCCTTA"
104,"OTU_104",0,0,1,0,0,0,0,0,42,42,"CCTTTCTTCTGGAATTGCTCATGCTGGAGCTTCAGTAGATTTAGCTATTTTTTCTTTACATTTAGCAGGAATTTCTTCAATTTTAGGAGCTGTAAATTTTATTACAACTATTATTAATATACGATCTAACGGAATTACATTT"
105,"OTU_105",0,0,0,0,41,49,1,1,1,3,"TTTAGCATCAGGGATTGCTCACGCTGGGGCCTCAGTTGATTTAGCAATTTTTTCTCTTCATTTAGCTGGAGTATCTTCTATTTTAGGGGCAGTTAATTTTATTACAACAGTTATTAATATACGGTCTAATGGAATTACTTTA"
106,"OTU_106",69,1,0,0,0,12,0,0,0,12,"ATTGAGCTCCGTGCCTGCACACACAGGTGCTGCTGTTGATCTTGCAATTTTTAGTTTGCATATCGCCGGTGCGTCCTCAATTGCCGGTGCTATTAACTTTATTGTAACCATTATGAATATGCGGTCACCTGGCATGACTTAC"
107,"OTU_107",6,0,35,36,0,0,0,0,0,0,"TTATCTTCAGGAATTGCTCATGCAGGAGCTTCTGTAGATTTAGCAATTTTTTCTCTTCATTTAGCTGGAATTTCTTCAATTTTAGGAGCTGTAAATTTTATTACTACTGTTATTAATATACGGTCAAGAGGAATTACATTA"
108,"OTU_108",0,0,0,0,37,53,1,0,0,0,"TTTATCTTCTAATATTGCTCATAGAGGAGCTTCTGTAGATTTAGCAATTTTTTCTTTACATTTAGCAGGGGTATCTTCAATTTTAGGTTCAGTAAATTTTATTACTACAGTTATTAATATACGATCTAATGGAATTACTCTT"
109,"OTU_109",75,0,0,0,0,0,0,0,0,0,"ATTGAGAAGTAATGTTGCGCATAGGGGGGCCTCAGTAGATTTTGCTATTTTTTCTCTGCATTTAGCAGGGATTTCTTCATTATTAGGTGCAGTGAACTTTATTAGAACCCTAGGAAATTTGCGGGCTTTAGGCATGTTGTTG"
110,"OTU_110",3,0,0,0,33,42,3,0,0,2,"CTATCTTCAAGAATTGCTCATAGAGGGGCATCAGTTGATTTAGCTATTTTTTCCCTTCATCTTGCAGGAATTTCTTCAATTTTAGGATCTGTAAATTTTATTACAACTGCAATTAATATACGATCAAATGGGATTACATTA"
111,"OTU_111",4,2,3,3,27,24,1,0,0,2,"ACTATCCTCTGGAATTGCTCACGCTGGAGCTTCAGTTGACTTGGCCATTTTTTCCTTACATTTAGCTGGAATTTCTTCTATTTTAGGAGCAGTAAATTTTATTACAACTGTAATTAATATACGATCTGAAGGAATTACCTTA"
112,"OTU_112",0,0,0,62,0,0,0,0,0,0,"ACTATCTAGAAATATTGCCCATTCTGGGGCTTCAGTTGATTTAGCCATTTTTTCACTTCACTTAGCCGGAATCTCTTCTATTTTAGGGGCTGTTAATTTTATTACAACAGTAATTAATATACGATCAAACGGAATTACATTT"
113,"OTU_113",6,856,0,0,53,57,0,2,0,3,"TCTATCTTCAGGAATTGCCCATGCTGGGGGATCCGTTGATTTAGCTATTTTTTCTCTACATTTAGCTGGTATTTCTTCAATTTTAGGAGCTGTAAATTTTATTACAACTGTTATTAATATGCGTTCAGAAGGAATTACACTA"
114,"OTU_114",0,0,0,0,0,0,0,0,39,22,"TCTTTCATCTAATTTAGCTCATGGAGGCGCATCAGTAGATTTAGCTATTTTTTCTCTTCATTTAGCAGGTATTTCATCAATTTTAGGTGCAGTAAATTTTATTACTACTATTATTAATATACGGTCAACAGGAATTTCATTT"
115,"OTU_115",0,0,0,33,0,0,2,0,8,33,"TTTATCTGCAGGTTTAGCCCATTCCGGACCTAGTGTCGATATGGCAATTTTTAGCTTACACATAGCTGGTTTATCATCACTTTTTGGTGCAATAAATTTTATAACAACTATTATTAATATGTGAGTACCTGCAATGTATTGG"
116,"OTU_116",57,8,0,0,0,0,0,0,0,0,"TCTTTCTTCTGGGATTGCTCATGCAGGTGCTTCTGTAGATTTAGCTATTTTTTCTCTACATTTAGCAGGTATTTCCTCTATTTTAGGAGCAGTAAATTTTATTACAACAGTTATTAATATACGATCAAATGGAATTACTTTA"
117,"OTU_117",0,0,28,26,0,0,5,0,2,0,"TTTAGCAGCAGGAATTGCACATAGAGGAGCATCTGTTGATCTCGCTATTTTTTCTTTACATTTAGCGGGGATTTCATCAATTTTAGGAGCCGTAAATTTTATTACTACAGTAATTAATATACGATCTACAGGAATCACCTTT"
118,"OTU_118",38,5,0,0,20,120,0,0,0,0,"CCTTTCATCGGGAATTGCCCATGCTGGAGGATCCGTTGATTTAGCTATTTTTTCTCTACATTTAGCTGGTATTTCTTCAATTTTAGGGGCTGTAAATTTTATTACTACTGTTATTAATATACGTTCAGAAGGAATTACACTA"
119,"OTU_119",0,0,0,0,0,0,0,0,0,68,"ATTAGCTAGAAATATCGCCCATAGAGGTGCATCAGTTGATTTAGCCATTTTTTCTCTACATTTAGCAGGGATCTCATCTATCTTAGGGGCAGTAAACTTTATTACAACAATTATTAATATGCGATCAAAAGGAATCACATTT"
120,"OTU_120",0,1,0,58,0,0,0,0,0,2,"TCTATCAGCTAATATTGCCCATGCAGGAGCCTCTGTTGATTTAGCAATTTTTTCGTTACATCTAGCTGGAATCTCATCAATTTTAGGAGCTGTAAATTTTATTACTACAATTATTAATATACGATCAAATGGGATTACCTTT"
121,"OTU_121",21,0,0,0,16,31,0,0,0,0,"ACTTTCTTCTAGTATTGCCCATAGTGGGGCTTCAGTTGATTTAGCCATTTTTTCTCTTCATCTTGCAGGAATTTCGTCTATTTTAGGGTCAGTTAATTTTATTACAACTGTAATTAATATACGATCAAATGGGATTACTTTA"
122,"OTU_122",48,2,3,0,0,5,0,0,0,0,"CCTTTCTTCTGGAATTGCTCATGCGGGAGCTTCTGTAGATTTAGCTATTTTTTCTTTACATTTAGCGGGTATCTCTTCTATTTTAGGAGCTGTAAATTTTATTACAACAGTAATTAATATACGGTCAGAAGGAATCTCATTA"
123,"OTU_123",0,0,0,0,25,29,0,0,0,0,"TAGCTTCTGGAATTGCCCATGCTGGGGCATCAGTAGATTTAGCTATTTTTTCATTACACTTGGCTGGAATTTCTTCAATTTTAGGAGCTGTAAATTTTATTACAACTGTAATTAATATACGATCAAATGGAATTACACTA"
124,"OTU_124",30,1,0,0,0,0,8,12,3,8,"TATCTGCTGGTATTGCTCATACTGGTGCTTCAGTAGATTTAGCTATTTTTTCTCTTCATTTAGCTGGAATTTCTTCAATTTTAGGAGCAGTAAATTTTATTACAACAGTAATTAATATACGATCTAGAGGAATTACTTTA"
125,"OTU_125",0,0,0,0,0,0,0,0,38,16,"TCTATCGGCTAATGTAGCTCATAGAGGATCCTCAGTTGATCTAGCAATTTTCAGGCTACATTTAGCTGGTATTTCATCAATTCTAGGAGCAGTTAATTTTATTACAACTGTAATCAATATGCGATCCCCTGGCATATCCTTC"
126,"OTU_126",0,0,0,0,22,32,0,0,0,0,"CTTGGCTGCTAACATTGCCCACGGAGGTTCTTCAGTTGATTTTGCCATTTTTTCTTTACACCTCGCAGGAGTGTCATCAATTTTAGGGGCGGTAAATTTTATCACCACCGTCGTTAACATGCGCAGTCCAGGAATAACTTTG"
127,"OTU_127",17,0,0,0,6,0,0,0,0,0,"TCTTTCTTCAAACATTGCTCACAGAGGGGCATCAGTAGATTTAGCTATTTTTTCTTTACATCTAGCAGGAATTTCTTCTATTTTAGGATCAGTAAATTTCATTACTACAGTAATTAATATACGATCTAATGGAATTACTTTA"
128,"OTU_128",0,0,0,0,0,0,0,0,30,21,"TTTATCGTCAGGAATTGCTCATGCAGGGGGTTCAGTAGATTTAGCTATTTTTTCTCTTCATCTAGCAGGGATTTCATCTATTTTAGGAGCTGTAAATTTTATTACTACAGTAATTAATATACGATCTAATGGAATTACTTTA"
129,"OTU_129",0,0,0,0,16,43,0,0,0,2,"CCTTTCCTCAGGTATTGCTCATGCTGGAGGGTCTGTCGATTTAGCAATCTTTTCCTTACATTTAGCCGGGATTTCCTCTATTTTAGGAGCAGTAAACTTTATTACAACAGTAATTAATATACGATCAAATGGTATCACTTTA"
130,"OTU_130",0,0,0,0,0,0,26,20,2,17,"ACTATCATCAAGAATTGCTCATAGAGGAGCTTCTGTTGATTTAGCTATTTTTTCTTTACATTTAGCTGGAATTTCTTCTATTTTAGGGTCTGTAAATTTTATTACTACTGCCATTAATATACGATCTAGAGGAATTACTCTT"
131,"OTU_131",0,0,0,0,25,27,0,0,0,0,"TTTATCTGCAGCTATTGCTCATAGAGGGGCCTCAGTAGACCTCGCAATTTTCTCTCTTCATTTAGCAGGGGTATCATCAATTTTAGGATCAGTAAATTTTATTACTACTGTAATTAATATACGAGCTAACGGAATTACATTA"
132,"OTU_132",46,1,0,0,1,0,0,0,0,0,"ACTATCTTCAAATATTGCCCATAGTGGAGCTTCAGTTGATTTAGCTATTTTTTCTTTACATTTAGCCGGAATTTCTTCAATTTTAGGAGCTATTAATTTTATTACAACAATTATTAATATACGATCAGTTGGAATTTCTTTT"
133,"OTU_133",2,0,0,0,6,30,0,1,0,1,"TCTATCTTCCGGAATTGCTCATGCTGGAGCTTCTGTAGATTTAGCAATTTTTTCTTTACATCTTGCAGGAATCTCATCAATTTTAGGAGCAGTAAATTTTATTACTACAATTATTAATATACGTTCAATTGGTATTACTATA"
134,"OTU_134",34,6,0,0,0,0,0,0,0,0,"ATTATCTTCAGGCATTGCTCACGCTGGTGCTTCTGTTGATTTAGCTATTTTTTCTCTTCATTTAGCTGGTATCTCTTCAATTTTAGGAGCAGTAAATTTTATTACCACAGTTATTAATATACGTTCAGAAGGAATCACTTTA"
135,"OTU_135",0,0,0,0,29,15,0,0,0,0,"CTTATCAGCTAGAATTGCTCATAGAGGGGCATCTGTAGACCTTGCTATTTTTTCTTTACATTTAGCAGGTGTTTCTTCAATTCTTGGATCAGTAAATTTTATTACAACTGTAATTAATATACGATCTAATGGAATCACTTTA"
136,"OTU_136",0,0,0,0,0,0,0,0,36,10,"TCTATCAAGAAGAATCGCACATAGAGGGGCATCTGTTGATTTAGCTATTTTTTCTTTACATCTAGCTGGAGTTTCTTCTATTTTAGGATCAGTAAATTTTATTACAACAGCCATTAATATACGATCAAACGGAATCACATTA"
137,"OTU_137",46,0,0,0,0,0,0,0,0,0,"CCTTTCTTCAGGAATTGCTCATGCGGGGGCTTCAGTAGATTTAGCTATTTTTTCTCTTCATTTAGCGGGAATTTCTTCTATTTTAGGAGCTGTAAATTTTATTACAACAGTAATTAATATACGATCAGAAGGAATCTCATTA"
138,"OTU_138",0,0,0,0,0,0,16,14,1,16,"TTTATCTTCAGGTATTGCTCATGCTGGAGCTTCCGTAGATTTAGCAATTTTTTCTTTACATTTAGCAGGAATTTCCTCTATTTTAGGGGCTGTAAATTTTATTACAACTGTAATTAATATACGTTCAGAAGGTATTACTTTA"
139,"OTU_139",0,0,0,0,0,0,0,0,22,13,"CTTATCAAGAAATATTTCCCATGCTGGCGCAAGAGTAGATTTAACCATTTTTTCGTTACACCTTGCAGGTGCTTCATCAATTCTTGGAGCAATTAATTTCATTACTACAATTATTAATATACGAACCGCAAAAATATCATTA"
140,"OTU_140",0,0,0,0,0,0,16,11,2,12,"TCTCTCTTCTAATATCGCACACAGAGGAAGATCGGTTGATCTAGCTATTTTCTCTTTACATTTAGCCGGTATTTCTTCAATCTTAGGGTCTGTAAATTTTATTACAACTGTAATTAACATGCGGTCAAATGGAATTTCATTG"
141,"OTU_141",0,0,0,0,20,12,1,0,0,0,"TCTTTCTTCTAATATTGCTCATGCAGGTGCCTCAGTAGATTTAGCTATTTTTTCTCTTCATTTAGCTGGTATTTCTTCAATTTTAGGAGCTGTAAATTTTATTACAACTATCATTAATATACGATCGAAGGGAATTACTTTA"
142,"OTU_142",0,0,0,0,10,25,0,0,0,0,"TTTATCTAGTATTTTAGCACATTCATCAGGTGCTGTTGATTTTGCTATATTTAGTTTACATTTATCAGGTATATCATCTATTTTAGGAGCTATAAATTTTATTGTAACAGTTATAAATATGAGAGTACCTGGATATAGAATG"
143,"OTU_143",0,0,37,0,0,0,0,0,0,0,"TCTTTCTTCAGGGGTAGCCCATGCAGGAGCCTCTGTTGATTTAGCAATCTTTTCTTTACATTTAGCTGGTATTTCATCTATTTTAGGTGCTGTAAATTTTATTACTACTGTAATTAATATACGATCTGCTGGAATTACTTTA"
144,"OTU_144",5,2,11,6,0,1,0,1,8,0,"ATTATCTCATATTATTGCTCATGGAGGACCTTCTGTTGATTTAGCAATTTTTTCATTACATTTAGCAGGGATTTCTTCAATTTTAGGAGCTGTAAATTTTATTACAACTATTATTAATATACGATCAATTGGTATTACGTTT"
145,"OTU_145",29,2,0,0,0,0,0,0,0,0,"TCTTTCTTCAGGAATTGCTCATGGAGGGGCTTCAGTTGATTTAGCTATTTTTTCTCTTCATTTAGCAGGAATTTCTTCTATTTTAGGAGCAGTAAATTTTATTACTACTATTATTAATATACGATCTACAGGAATTTCATTT"
146,"OTU_146",2,0,0,0,0,0,0,0,5,391,"TCTTTCTTCTAGTATCGCTCATGCAGGGGCTTCTGTTGATTTGGCTATTTTTTCTTTACATTTAGCAGGAATTTCTTCAATTTTAGGAGCGGTAAATTTTATTACAACAATAATTAATATACGATCTGAAGGTATTTCTTTT"
147,"OTU_147",0,0,0,36,0,0,0,0,0,0,"TTTGTCAGCTAATATTGCCTATAGAGGTGCTTCTGTTGATTTAGATATTTTTAGATTACATTAAACTGGTATTTCATCTATTTTAGGAGCAGTAAATTTTATTACTACTATTATTAATATACGGGCTACTGGAATAACTTTA"
148,"OTU_148",8,0,0,0,1,0,2,2,2,3,"TCTTTCTTCTGGTATTGCTCATGCTGGGGCTTCAGTGGATTTAGCTATTTTCTCATTACACCTTGCTGGAATCTCTTCTATTTTAGGAGCTGTAAATTTTATTACAACTATTATTAATATACGATCTAATGGAATTACTTTC"
149,"OTU_149",0,0,29,0,0,0,1,0,0,0,"TTTATCTTCAAATATTGCTCATAGAGGAGCTTCTGTTGATTTAGCAATTTTTTCATTACATTTAGCAGGAATTTCATCTATTCTAGGATCAGTAAATTTTATTACCACAGTAATTAATATACGATCAAACGGAATTACTCTA"
150,"OTU_150",0,0,0,0,7,9,7,4,0,9,"TCTATCTTCAGGAATTGCTCATGCCGGAGCTTCAGTTGATCTAGCAATTTTTTCTCTTCATTTAGCTGGAATTTCTTCTATTTTAGGAGCAGTAAATTTTATTACAACAGTTATTAATATACGTTCAAATGGAATTACATTA"
151,"OTU_151",0,0,0,0,14,15,0,0,0,0,"TCTTTCTTCAGGAATTGCACATGCAGGAGGATCTGTAGATTTAGCAATTTTTTCTCTTCATTTAGCCGGAATTTCTTCAATTTTAGGGGCTGTAAATTTTATTACAACAGTTATTAATATACGTTCTTCAGGGATTACTTTA"
152,"OTU_152",0,0,0,0,10,20,0,0,0,0,"TTTATCTGCTAATATTGCCCATGCAGGAGCTTCAGTTGACCTAGCTATTTTTTCTCTTCATTTAGCCGGGATTTCATCTATTTTAGGAGCAGTAAATTTTATTACTACAATTATTAATATACGATCAAATGGTATTACGTTT"
153,"OTU_153",24,6,0,0,0,0,0,0,0,0,"ACTATCATCCAATATTGCTCACGGAGGATCATCAGTAGATTTAGCTATTTTTAGACTTCATCTAGCAGGTGTATCTTCTATTCTAGGTGCAGTAAATTTTATTACCACAGTAATTAATATACGGCCGCAAGGAATAACATTC"
154,"OTU_154",0,0,0,0,0,0,8,10,2,14,"TCTTTCATTAAATGTTGCACATGCAGGAAGTTCAGTAGATTTAGCAATTTTTTCTCTTCATTTAGCAGGTATTTCATCAATTTTAGGAGCTGTAAATTTTATTACTACAGTAATTAATATACGATCAGAAGGAATCTCACTA"
155,"OTU_155",0,0,0,0,0,0,23,0,0,0,"TTTATCAGCAGGCTTAGCCCACGCAGGAGGCTCCGTTGATTTATCTATTTTCTCCCTACACCTTGCAGGTGCTTCATCAATTTTAGGTGCAGCTAATTTTATTACTACCGTTATCAATATACGTCCAAGAGGAATAACCCTA"
156,"OTU_156",1,0,0,0,8,13,4,2,1,2,"GCTATCTTCAGGAATTGCTCATGGGGGAGCATCAGTAGATTTAGCTATTTTTAGTTTACATTTAGCAGGAATTTCCTCTATTTTAGGGGCTGTAAATTTTATTACTACTATTATTAATATACGATCAATTGGTATAACATTT"
157,"OTU_157",0,0,0,0,14,8,2,2,0,1,"TCTTTCTTCAGGTATTGCTCACGCTGGGGCTTCTGTAGATTTAGCTATTTTTTCTTTACATTTAGCAGGAATTTCTTCTATTTTAGGAGCTGTAAATTTTATTACTACAGTAATTAATATACGATCTGAAGGAATTTCATTA"
158,"OTU_158",0,0,0,0,2,31,0,1,0,0,"TTTATCTTCAGGAATTGCCCATGCTGGAGCATCTGTTGATTTAGCTATTTTTTCACTGCATCTAGCAGGAATTTCTTCAATCTTAGGAGCAGTAAATTTTATTACCACAGTAATTAATATACGGTCAGACGGAATCACTCTA"
159,"OTU_159",8,0,0,0,62,85,1,0,0,0,"TCTTTCGTCAGGAATTGCCCATGCTGGAGGATCTGTTGATTTAGCTATTTTTTCTCTACATTTAGCTGGTATTTCTTCAATTTTAGGAGCTGTAAATTTTATTACAACTGTTATTAATATACGTTCAGAAGGGATTACACTA"
160,"OTU_160",0,0,21,3,1,0,1,0,2,1,"TTTAAGTTCTATTGTTGCAAGTCCAGGGCCTGCGGTCGATTTAGCGATTTTAAGTTTGCATGTAGCCGGTGCTTCTTCGTTGGCGGGTGCAATTAATTTTATTGTAACAATCGTTGGGATGCGGTTATGTGGCATGAGTGC"
161,"OTU_161",0,0,0,0,0,0,0,0,7,21,"ATTATCGGCAGGAATTGCTCATGCTGGGGCTTCTGTTGATTTAGCTATTTTTTCACTTCACTTAGCAGGAATTTCTTCAATTTTAGGAGCAGTAAATTTCATTACAACAGTAATTAATATACGATCAGCCGGAATTACATTC"
162,"OTU_162",0,0,0,0,7,18,0,0,0,0,"ATTATCAAGAAATATCGCACACAGAGGAGCATCAGTAGACTTAGCAATCTTTTCATTACATTTAGCTGGAGTATCATCTATTTTAGGAGCAGTAAACTTTATCTCAACAATTATTAATATACGATCAACAGGAATCTCACCA"
163,"OTU_163",0,0,29,0,0,0,0,0,0,0,"CCTTTCTTCTAATATTGCCCATAGTGGAGCATCTGTTGATTTAGCAATTTTTTCTCTTCATTTAGCAGGTATTTCTTCTATTTTAGGTTCAGTAAATTTTATTACTACAGCAATTAACATACGAGCTAATGGAATTACTTTA"
164,"OTU_164",0,0,0,0,13,14,0,0,0,0,"CCTCGCAGCTAATATCGCGCATGGTGGATCTTCTGTTGATTTTGCTATTTTTTCTCTACATTTAGCTGGGGTTTCTTCAATTTTAGGGGCTGTAAACTTTATTACAACCGTAGTAAACATGCGTAGCCCCGGCATAAGTTTA"
165,"OTU_165",17,4,0,0,0,0,0,0,1,1,"CTTTCGTCAAGAATTGCTCATAGAGGAGCTTCTGTTGATTTAGCAATTTTTTCTCTTCATTTAGCAGGAATTTCTTCTATTTTAGGATCAGTAAATTTTATTACCACAGCAATTAATATACGTTCTAGAGGTATTACACTA"
166,"OTU_166",0,0,0,0,0,6,5,5,2,8,"TTTATCAGCAAATATTGCCCATAGAGGTGCTTCTGTAGATCTAGCAATCTTTTCCCTTCATTTAGCGGGAATTTCATCTATTTTAGGATCAGTAAATTTTATTACTACTGCAATCAATATACGAGCCAATGGTATTACATTA"
167,"OTU_167",0,0,0,0,0,20,0,0,0,0,"TTTATCTTCAGGAATTGCCCATACTGGGGCTTCTGTAGATCTAGCTATTTTTTCTTTACATCTTGCAGGAATTTCTTCAATTTTAGGAGCTGTAAATTTTATTACTACAGTTATTAATATACGATCAAGAGGTATTACTTTA"
168,"OTU_168",28,0,0,0,0,0,0,0,0,0,"CTTATCTTCAGGAATTGCTCATGCTGGTGGATCTGTCGATTTAGCAATTTTTTCTCTTCATTTAGCTGGAATTTCTTCTATTCTAGGAGCTGTAAATTTTATTACAACTGTAATTAATATACGTTCAGAAGGAATTACATTA"
169,"OTU_169",19,2,0,0,0,0,0,0,0,0,"TTTATCTTCAGCTATTGCCCATAGAGGAGCATCAGTTGATTTAGCTATTTTTTCACTTCATCTTGCGGGAGTATCTTCAATTTTAGGTTCTGTAAATTTCATTACAACAGTTATTAATATGCGAGCTAATGGGATTACTTTA"
170,"OTU_170",25,1,0,0,0,0,0,0,0,0,"TTTATCTTCAGGTATTGCCCATGCCGGAGCTTCAGTTGATTTAGCAATTTTTTCTTTACATTTAGCTGGAATTTCTTCTATTTTAGGAGCAGTAAATTTTATTACAACTGTAATTAATATACGATCAGCAGGAATTACTTTT"
171,"OTU_171",0,0,0,0,8,15,0,0,0,0,"ACTATCAGCAGCAATTGCTCATAGAGGGGCTTCAGTAGATTTAGCAATTTTTTCTTTACACTTGGCTGGGGTATCCTCAATTCTTGGATCTGTAAATTTTATTACTACTGTTATTAATATACGAGCTAATGGAATTACCTTA"
172,"OTU_172",20,3,0,0,0,0,0,0,0,0,"TTTATCTTCAGGTATTGCCCATGCAGGGGGTTCTGTTGATTTAGCTATTTTTTCTTTACACTTAGCTGGAGTATCTTCTATTTTAGGGGCAGTAAATTTTATTACAACCGTAATTAATATGCGATCTAATGGAATTACTTTA"
173,"OTU_173",0,0,0,0,12,10,0,0,0,0,"TCTATCATCAGGTATTGCCCACGCCGGAGCATCTGTAGATTTAGCTATTTTTTCTTTACATCTAGCAGGTATTTCTTCTATTTTAGGTGCAGTAAACTTTATTACAACAGTAATTAACATACGATCAAATGGAATTACTTTA"
174,"OTU_174",0,0,0,0,7,19,0,0,0,0,"TCTTTCTGCTAGTATTGCCCATAGAGGGGCCTCCGTAGATTTAGCAATTTTTTCATTACATTTAGCAGGTGTTTCTTCAATTTTAGGATCTGTAAATTTTATTACTACAGTTATTAATATACGATCAAAAGGAATTACTTTA"
175,"OTU_175",0,0,0,0,12,8,0,0,0,0,"TTTATCTTCAGGAATTGCTCATGCTGGAGCTTCTGTAGATCTAGCAATTTTTTCACTGCATTTAGCAGGAATTTCTTCTATTTTAGGAGCTGTAAATTTTATTACTACAATTATTAATATACGATCAAATGGTATTACATTT"
176,"OTU_176",0,0,0,0,2,22,0,0,0,0,"ACTTTCAGCAGCTATTGCCCACAGAGGGGCTTCTGTTGATTTAGCAATTTTTTCTTTACATCTTGCTGGAGTATCTTCTATTTTAGGTTCAGTAAATTTTATTACAACTGTTATTAATATACGAGCTAATGGAATTACATTA"
177,"OTU_177",0,0,0,0,17,2,0,0,0,0,"CTATCTGCAAGAATTGCCCATAGAGGGGCTTCAGTAGATTTAGCTATTTTCTCCCTACATTTAGCAGGAATTTCCTCAATTTTAGGGTCAGTAAATTTTATTACTACTGCCATTAATATACGCGCTAATGGTATTACATTA"
178,"OTU_178",0,0,7,0,0,0,17,0,0,0,"TTTAGCAAATAATATTTCTCATAGAGGTCCATCAGTAGATTTAGCAATTTTTTCTTTACATTTAGCAGGTATTTCATCTATCTTAGGAGCTGTTAATTTTATTACAACCATTATTAACATACGATCAAAAGGAATCTCTTTT"
179,"OTU_179",25,1,0,0,0,0,0,0,0,0,"CCTATCTTCCAGAATTGCTCATAGAGGAGCTTCAGTAGATTTAGCTATTTTTTCTCTTCATCTAGCTGGTATTTCATCTATCTTAGGATCAGTAAACTTTATTACAACTGCTATTAATATACGTTCAAATGGAATTACTCTA"
180,"OTU_180",22,0,0,0,0,0,0,0,0,0,"ACTATCATCCAATATTGCTCACGGAGGGTCATCAGTAGATTTAGCCATTTTTAGACTTCATCTAGCCGGTGTATCTTCTATTCTAGGTGCGGTAAATTTTATTACCACAGTAATTAATATACGGCCCCAAGGAATAACATTC"
181,"OTU_181",13,2,7,2,0,0,0,0,0,0,"ACTAAGTTCATTGGTTGGACATCAAGGTCCTGCTGTTGACTTGGCAATTTTGAGTTTGCATATTGCGGGTGCCTCGTCTTTGATGGGTGCTATCAATTTTATTGTAACCATCTGCAACATGCGTCTTCCAGGTATGCGTTAC"
182,"OTU_182",0,0,0,0,0,0,4,10,0,8,"GCTATCTTCAGGAATTGCTCATGCTGGGGCTTCAGTAGATTTAGCCATTTTTTCCCTTCATTTAGCGGGGATTTCTAGAATTTTAGGAGCTGTAAATTTTATTACAACTGTAATTAATATACGATCTGAAGGAATTACATTA"
183,"OTU_183",0,0,0,0,3,15,0,0,0,0,"TCTATCAGCAGGTTTGGCTCATTCAGGACCAAGTGTTGACATGGCTATTTTTAGTCTTCATATAGCCGGATTATCATCATTATTTGGCGCTATAAACTTTATAACAACTGTTATAAATATGTGAATTCCTGGTATGTATTGG"
184,"OTU_184",0,0,0,0,0,0,0,0,13,8,"CTTATCAAGAAATATTTTCCATGCTGGTGCAAGAGTAGATTTAACCATTTTTTCATTACACCTTGCAGGTGCTTCATCAATTCTTGGGGCAATTAATTTCATTACTACAATTATTAATATGCGAACCGCAAAAATATCATTA"
185,"OTU_185",0,0,0,0,8,14,0,0,0,0,"ACTCTCTAGTAATATCTCCCACTCAGGAGCAAGAGTAGACCTTACGATCTTTTCTCTTCACCTAGCTGGGGCCTCATCAATTCTCGGAGCGATTAATTTTATTACAACAATTATTAATATGCGCTCTTCTGATATATCGTTA"
186,"OTU_186",0,0,0,0,0,0,5,10,0,5,"TCTTTCAGCAGGGATTGCTCATGCAGGTTCATCAGTTGATATAGCTATTTTCTCTCTTCATCTTGCTGGAGTTTCATCTATTTTAGGGGCCGTAAATTTTATTACAACAGTAATTAATATACGGTCTAGAGGAATAACACTG"
187,"OTU_187",17,0,0,0,0,0,1,0,0,0,"TTTATCCTCCGTTATTGCACATGCGGGAGCTTCAGTTGATTTAGCAATTTTTTCCTTACATTTAGCTGGAATCTCATCAATTTTAGGGGCAGTAAATTTTATCACAACTGTAATTAATATACGTTCTACAGGTATTTCATTT"
188,"OTU_188",0,0,0,0,0,0,4,10,2,4,"GCTGTCATCTGGTATTGCTCATGCTGGTGCTTCTGTAGACTTAGCTATTTTCTCTTTACATTTAGCTGGGATTTCTTCGATTTTAGGAGCAGTAAATTTTATTACTACAGTAATTAATATACGATCTAGTGGAATTACTTTA"
189,"OTU_189",0,0,0,0,0,0,0,0,17,0,"ACTAGCTAGAAACATTGCCCACGCAGGACCATCCGTAGACATAGCAATTTTCTCACTTCATCTAGCAGGTGCCTCATCAATTTTAGGGGCAGTAAACTTCATCTCAACAGTACTTAACATACGAACAAAAGGACTTCGACTA"
190,"OTU_190",0,0,0,0,0,11,1,1,1,1,"TCTTTCTTCTGGTATTGCTCATGCTGGAGCTTCAGTTGATTTAGCTATTTTTTCATTACATCTGGCAGGAATTTCTTCTATTTTAGGAGCAGTAAATTTTATTACAACTGTAATTAATATACGATCTGAAGGAATTACCCTA"
191,"OTU_191",0,0,0,0,0,17,0,0,0,0,"TTTATCTTCAGGAATTGCTCATACGGGAGCTTCAGTAGATTTAGCAATTTTTTCACTTCATTTAGCTGGAATTTCTTCAATTTTAGGAGCTGTAAATTTTATTACTACAGTTATTAATATACGATCAAGAGGTATTACTTTA"
192,"OTU_192",15,1,0,0,0,0,1,0,1,0,"CTTATCTTCAAACATTGCTCATAGCGGAGGATCTGTAGACTTAGCAATTTTTTCTTTACATTTAGCAGGAATTTCTTCAATTTTAGGTTCAGTAAATTTTATTACTACAGCTATCAACATACGAGCAAACGGAATTACTTTA"
193,"OTU_193",0,0,0,0,0,0,5,7,0,8,"GCTTTCTTCAGGAATTGCCCATGCTGGAGCCTCAGTAGACTTAGCTATTTTTTCATTACACTTAGCTGGGATTTCATCTATTTTAGGGGCCGTAAATTTTATTACAACAATTATTAATATACGATCTAATGGAATCACATTT"
194,"OTU_194",0,0,0,0,1,10,7,2,2,6,"TATCTTCAGGAATTGCACATGCAGGAGCCTCAGTTGATTTAGCTATTTTTTCTCTTCATTTAGCTGGAATTTCCTCAATTTTAGGAGCAGTAAATTTTATTACTACTGTAATTAATATACGGTCTGCAGGAATTACTTTA"
195,"OTU_195",10,5,0,0,97,173,0,0,1,2,"TCTTTCATCGGGAATTGCCCATGCTGGGGGATCCGTTGATTTAGCTATTTTTTCCCTACATTTAGCTGGTATTTCTTCAATTTTAGGAGCTGTAAATTTTATTACAACTGTTATTAATATACGTTCAGAAGGAATCACACTA"
196,"OTU_196",0,0,0,0,0,0,0,0,12,3,"ATTATCGAGAAATATTTCTCATGCTGGTGCAAGAGTAGATCTAACTATTTTTTCATTACATCTTGCAGGTGCTTCATCAATTTTAGGAGCTATTAATTTTATTACTACAATTATTAACATGCGAACTGCAAAAATATCACTA"
197,"OTU_197",0,0,0,0,7,0,7,4,0,0,"TCTTTCTGCAGCTATTGCCCACAGTGGGGCTTCTGTAGATCTAGCTATTTTTTCACTTCATCTAGCTGGTGTTTCTTCTATTTTAGGGTCTGTAAATTTTATTACCACAGTAATTAATATACGAGCTAATGGTATTACTTTA"
198,"OTU_198",7,1,0,0,0,0,3,2,0,3,"CCTATCGTCAGGAATCGCCCATGCTGGGGGTTCAGTAGATTTAGCTATTTTTTCCCTTCATTTAGCCGGTATTTCTTCTATTTTAGGAGCAGTAAATTTCATTACAACTGTTATTAACATGCGATCAGAAGGAATTTCATTA"
199,"OTU_199",0,0,0,0,13,0,0,0,0,0,"ATTAGCAAGTAACACTGCTCATAGAGGACCTTCTGTAGATTTAACAATCTTTTCTCTTCATTTAGCAGGAATTTCTTCAATTTTAGGAGCAGTAAATTTTATTACAACCATTATTAATATACGATCAAATGGTATTACATTT"
200,"OTU_200",0,0,0,0,0,0,0,0,10,7,"CCTATCAAGAAATATTTCTCATGCTGGAGCAAGAGTTGATCTTACAATTTTCTCTCTTCATCTAGCAGGAGCTTCATCAATTTTAGGAGCAATTAATTTCATTACAACTATTATTAATATACGGACAGCTAAAATATCCCTT"
201,"OTU_201",7,0,0,0,3,4,0,0,0,0,"TCTCTCTGCAAATATTGCTCACAGAGGAGCTTCAGTAGATTTAGCTATTTTTTCTTTACACTTAGCGGGAATTTCTTCTATTTTAGGAGCAGTAAATTTTATTACAACTGTAATTAATATACGATCTACGGGAATTACTTTT"
202,"OTU_202",0,0,0,0,5,9,0,0,0,0,"TTTATCCTCAAGAATTGCTCACAGAGGGGGATCCGTTGATTTAGCAATTTTTTCTCTTCACTTAGCCGGAATTTCTTCTATTTTAGGAGCAGTAAATTTCATTACTACTGTAATTAATATACGTTCTATGGGAATTACTTTA"
203,"OTU_203",0,0,12,0,0,0,0,0,1,0,"TTTAGCAAATAATATTTCTCATAGAGGTTCTTCAGTTGATTTAGCTATTTTTTCTCTTCATTTAGCTGGTATTTCATCAATTTTAGGGGCAGTAAATTTTATTACTACAATCATTAATATACGATCAAAAGGAATTTCATTT"
204,"OTU_204",0,0,0,0,1,14,0,0,0,0,"TCTTTCTTCAGGAACAGCTCATGCTGGAGCTTCAGTTGACTTAACAATTTTTTCTCTTCATTTAGCAGGAGTTTCTTCTATTTTAGGAGCAGTAAATTTTATTACTACAGTAATTAATATACGATCATCAGGAATTACTCTT"
205,"OTU_205",0,0,16,0,0,0,0,0,0,0,"ATTAGCAAGTAATATTGCTCATAGAGGTGCATCAGTTGATCTAGCTATCTTTTCACTCCATTTAGCCGGAATTTCATCAATTCTAGGAGCAGTAAATTTTATTACAACAATTATTAATATACGATCAAAAGGAATTACATTT"
206,"OTU_206",0,0,12,0,0,0,0,0,0,0,"CCTTTCAGCCAATATTTCCCACGCAGGAGCTTCAGTAGATTTAGCTATTTTTTCTCTTCATCTTGCTGGAATCTCATCAATCTTAGGAGCAGTAAATTTTATTACCACTATTATTAATATACGATCAAATGGAATTTCTTTT"
207,"OTU_207",11,3,0,0,0,0,0,0,0,0,"TTTATCTTCAGGAATTGCCCATACAGGAGGTTCTGTTGATTTAGCTATTTTCTCTTTACATTTGGCAGGAATTTCATCAATTTTAGGAGCAGTAAATTTTATTACTACTGTAATTAATATACGATCTAATGGAATTACTTTA"
208,"OTU_208",0,0,0,0,0,0,0,0,0,14,"ATTATCCGCAGGTTTAGCACATTCAGGGCCTAGTGTTGACATGGCAATATTTAGTCTTCACATTGCTGGTATTTCATCGTTGTTAGGTGCAATTAATTTTATAACTACAATTATTAATATGCGTGTACCTGGTATGTATTGG"
209,"OTU_209",0,0,0,0,0,6,6,6,1,12,"CCTATCTTCAAGAATTGCCCATAGTGGGGCTTCTGTTGACTTAGCAATTTTTTCTCTTCATTTAGCCGGAATTTCCTCAATTCTTGGTTCTGTAAATTTTATTACCACAGCAATTAATATACGGTCAAGCGGAATTACCCTT"
210,"OTU_210",9,0,0,0,15,16,1,0,0,0,"TCTTTCTTCGAACATTGCTCATAGAGGAGCATCAGTAGATTTAGCTATTTTTTCTTTACATCTAGCAGGAATTTCCTCTATTTTAGGATCGGTAAATTTCATTACTACAGTAATTAATATACGATCTAATGGAATTACTTTA"
211,"OTU_211",0,0,1,0,47,69,0,0,0,0,"TCTGGCGGCTAATATTGCTCATGGAGGGGCATCTGTAGATTTTGCTATTTTTTCATTGCATTTGGCGGGTGTATCGTCAATTTTAGGTGCTGTAAATTTTATTACCACGGTAATCAATATGCGTAGCCCAGGGATGGGATTT"
212,"OTU_212",0,0,0,0,0,0,5,2,0,5,"TTTATCTTCAGGAATTGCTCACACAGGAGCTTCTGTTGATTTAGCAATTTTTTCCTTACATTTAGCCGGAATTTCCTCAATTTTAGGAGCTGTAAATTTTATTACAACTGTTATTAATATACGATCAGCAGGAATTACATTT"
213,"OTU_213",3,0,0,0,0,0,0,0,8,6,"TCTTTCTTCAAACATTGCTCATGGAGGAGCTTCTGTCGATCTAGCAATTTTTTCTTTACATTTAGCGGGAATCTCCTCTATTTTAGGCTCTGTAAATTTTATTACTACAGCAATTAATATACGAGCAAATGGTATTACTTTA"
214,"OTU_214",0,0,0,0,3,10,0,0,0,0,"CCTTTCTTCTGGAATTGCTCATGCAGGGGCTTCGGTAGATTTAGCTATTTTTTCCCTTCATTTAGCAGGAATTTCTTCTATTTTAGGAGCCGTTAATTTTATTACAACAGTAATTAATATACGATCTGAAGGAATTTCATTA"
215,"OTU_215",0,0,0,0,0,10,0,0,0,0,"TTTATCTTCAGGAATTGCTCATGGAGGAGCTTCAGTTGACTTAGCCATTTTTTCTCTTCATCTAGCAGGAATTTCATCTATTTTAGGAGCTGTAAATTTTATTACTACAGTAATTAATATACGATCAACTGGTATTACATTT"
216,"OTU_216",11,0,0,0,0,0,0,0,0,0,"ACTAAGAAGGAATTTAGCTCATGGAGGTGCTTCAGTAGATTTTGCGATTTTTTCACTACATTTAGCTGGGGTTTCTTCAATCTTAGGTGCAGTTAATTTTATTAGTACTCTTGGAAATCTACGAACTTTAGGTCTTTCAATA"
217,"OTU_217",0,0,0,0,0,0,0,0,0,9,"TTTATCTGCTGGTATTGCCCATGCAGGGGCATCTGTTGATTTAGCAATTTTTTCATTACACTTAGCGGGAGTTTCATCTATTTTAGGGGCTGTAAATTTTATTACTACAGTAATTAATATACGATCAGTTGGAATTACCTTT"
218,"OTU_218",0,0,0,2,2,7,1,0,0,0,"ATTATCTGGTTTAAAAGGACATACTTCACCAGCAGTTGATTTAGCTATTTTTAGTTTACATATTGCAGGTATTTCATCATTATCAGGTGCAATTAATTTTGTATCAACTATTGTTAATATGCGAATGGCAGGTTTATATTGG"
219,"OTU_219",0,0,0,0,0,1,0,0,10,3,"CCTCTCATCCGGAATTGCTCATGCAGGTGCTTCAGTTGATTTAGCTATTTTTTCTCTTCATTTAGCAGGAATTTCTTCTATTTTAGGAGCTGTAAATTTTATTACTACAGTAATTAATATACGATCTGTAGGAATTTCTTTT"
220,"OTU_220",0,0,0,0,0,0,3,1,2,6,"CTTTCAGCTGGTATCGCACATGCAGGAGCGTCAGTAGATTTAAGAATTTTTTCTTTGCACTTAGCTGGTGTTTCCTCAATTTTAGGAGCTGTTAATTTTATTACAACTGTTATTAATATGCGATCTTATGGGATAACTTTA"
221,"OTU_221",10,0,0,0,0,0,0,0,0,0,"CCTGTCTTCCGGAATTGCTCATGCCGGAGCTTCAGTAGATTTAGCTATTTTTTCCCTCCATTTAGCAGGAATTTCTTCTATCTTGGGGGCAGTAAATTTTATTACCACAGTAATTAATATACGATCAGAAGGAATTTCTTTA"
222,"OTU_222",0,0,0,0,1,6,5,1,0,3,"TTTGGCCGCTAATATCGCTCATGGTGGGTCATCTGTTGACTTTGCCATTTTCTCTCTTCACTTAGCCGGGGTGTCGTCAATTCTTGGGGCTGTAAATTTTATTACAACTGTGATTAATATGCGTAGCCCAGGAATGACATTG"
223,"OTU_223",0,1,0,0,7,24,0,0,0,0,"CTTATCATCTGGAATTGCCCATGCTGGTGCTTCTGTTGATTTAGCAATTTTTTCACTTCACCTAGCAGGAATTTCATCTATTCTGGGGGCTGTAAATTTTATTACTACAATTATTAATATGCGATCTAATGGAATTACTTTT"
224,"OTU_224",0,0,14,8,0,0,0,0,0,0,"CCTTTCTTCTGGAATTGCTCATGCTGGTGCTTCAGTTGATTTAGCTATTTTTTCACTTCACTTAGCGGGTATTTCTTCTATTTTAGGGGCTGTTAATTTCATTACAACTGTAATTAATATACGTTCTGAAGGAATTACATTA"
225,"OTU_225",0,0,0,0,0,0,0,0,0,10,"TTTAAGAAGTAACCTGGCTCATTCTGGAGCTTCAGTTGATTTTGCAATTTTTTCTCTTCATCTGGCGGGAGTTTCTTCTATTTTAGGAGCAGTAAATTTTATTAGAACATTAAGAAATTTACGAATTTTTGGAATATCTATA"
226,"OTU_226",10,0,0,0,0,0,0,0,0,0,"TCTATCTTCTGGGATTGCTCATGCAGGAGGTTCTGTAGATTTAGCAATTTTTTCTTTGCATCTTGCTGGTATTTCTTCTATTTTAGGAGCAGTAAATTTTATTACAACAGTAATTAATATACGATCAAATGGAATCACTCTA"
227,"OTU_227",0,0,0,0,0,11,0,0,0,0,"TTTATCTTCCAGAATTGCTCATGCAGGAGCTTCAGTTGATTTAGCAATTTTTTCCTTACATTTAGCAGGTATTTCTTCTATTTTAGGAGCTGTAAATTTTATTACTACTATTATTAATATACGATCTACAGGAATTTCATTT"
228,"OTU_228",3,0,0,0,0,0,0,0,8,0,"TTTATCTTCAGGAATTGCTCATGCTGGAGCTTCAGTTGATTTAGCTATTTTTTCTTTACATTTAGCAGGGATCTCTTCTATTTTAGGAGCAGTAAATTTTATTACTACAGTAATTAATATGCGATCTGCTGGGATTACTTTT"
229,"OTU_229",0,0,0,0,4,8,0,0,0,0,"GCTGGCGGCTAATATTGCTCATGGAGGTTCATCTGTTGACTTCGCTATTTTTTCTTTACATTTAGCTGGGGTGTCTTCTATTTTAGGAGCTGTTAATTTTATCACAACTGTAATCAATATGCGGAGACCAGGTATAAGTCTA"
230,"OTU_230",0,0,0,0,0,0,2,2,1,5,"ACTTTCTAGAAGAATTGCACATAGAGGTGCATCTGTTGATTTAGCAATTTTTTCACTTCATTTAGCAGGAGTCTCATCAATTTTAGGATCAGTTAATTTTATTACAACTGTGATTAATATGCGTTCAAATGGTATTTCATTA"
231,"OTU_231",0,0,0,0,0,0,0,0,7,1,"TTTATCTTCAGGAATTGCTCACGCCGGGGGATCAGTTGATTTAGCTATTTTCTCCCTTCATTTGGCAGGTATTTCATCAATTTTAGGAGCTGTAAATTTTATTACAACAGTAATTAATATACGTTCTAATGGAATTACCTTA"
232,"OTU_232",0,0,0,0,4,7,0,0,0,0,"ATTAAGTTCTATAGCTTATCACTCAACGCCAGCTGTCGATTTAGCTATTTTTAGTTTACATTTATCAGGTTTATCTTCATTATTAGGAGCAATAAATTTTATTGTTACTGTTTTAAATATGAGATCTCCTTATTTAAAAATG"
233,"OTU_233",8,0,0,0,0,0,0,0,0,0,"CCTTTCTTCCGGAATCGCCCATGCTGGGGCTTCTGTAGACTTAGCTATCTTTTCTCTTCACTTAGCTGGGATCTCTTCCATTCTAGGAGCAGTAAATTTTATTACCACGGTAATTAATATGCGTTCAGAAGGAATTTCTCTA"
234,"OTU_234",0,0,0,0,5,6,0,0,0,0,"TCTATCATCAGGAATTGCTCACGGGGGAGCATCAGTAGACTTAGCTATTTTTAGACTACATTTAGCTGGAATCTCATCAATTCTAGGAGCTGTAAATTTTATCACAACTATTATCAATATACGAACCGTGGGAATAACTTTT"
235,"OTU_235",0,0,0,0,0,10,0,0,0,1,"TCTATCAGCTGCAATTGCTCATGGAGGAGGATCAGTTGATTTAGCAATTTTCTCATTACATTTAGCAGGAATTTCTTCTATTTTAGGGGCTGTTAATTTTATTACTACAGTAATTAATATACGATCAACAGGTATTACATTT"
236,"OTU_236",0,0,0,0,0,7,0,0,0,0,"ATTATCAGCAGCAATTGCCCATAGAGGGGCTTCAGTCGATTTAGCAATTTTTTCTCTTCATCTAGCAGGAGTTTCTTCAATTTTAGGTTCAGTAAATTTTATTACTACTGTAATTAATATACGAGCAAATGGGATTACTCTT"
237,"OTU_237",5,0,0,0,4,0,1,0,0,0,"TTTAGCCAATAATATTTCTCATAGAGGTTCATCAGTTGATCTAGCAATTTTTTCTTTACACCTTGCTGGGATTTCATCAATTTTAGGTGCAGTAAATTTTATTACAACAATCATTAATATACGATCTAAAGGAATTTCTTTT"
238,"OTU_238",0,0,0,0,3,4,0,0,0,0,"GTTATCGGCAATAGAAGCACATCCAACACCATCTGTTGATTTCGCAATTTTTAGTTTACATTTAGCTGGGGCATCATCATTGGCCGGTTCTGTAAATTTTATTTCAACTGTTTGAAATATGCGCGCACGTGGTATGCGAATG"
239,"OTU_239",8,0,0,0,0,0,0,0,0,0,"CTTATCTTCAAGAATTGCTCATGCTGGGGCTTCTGTTGACCTAGCTATTTTTTCTTTACATTTAGCTGGAATTTCTTCAATTCTAGGAGCAGTAAATTTTATTACAACTGTTATTAATATACGATCTTATGGAATTACATTT"
240,"OTU_240",0,0,0,0,0,0,4,3,0,2,"ATTATCTTCAGGAATTGCTCATGGTGGAGCATCAGTAGACTTAGCTATTTTTAGTTTACACTTAGCAGGAATTTCATCTATTTTAGGGGCAGTAAATTTTATTACTACTATTATTAATATACGATCAATTGGTATAACATTT"
241,"OTU_241",0,0,0,0,2,11,0,0,0,0,"ACTTGCTAGAAATTTAGCTCATGCGGGGCCATCAGTTGACTTGGCTATTTTTTCCCTACACTTAGCAGGGGCTTCATCAATTCTAGGAGCAATTAACTTCATTACCACAGTTATTAATATGCGATGAAGTGGTTTACGATTA"
242,"OTU_242",5,0,0,5,0,0,1,0,0,0,"TCTATCTGCTGCAATTGCTCATGGGGGAGGTTCTGTTGACTTAGCAATTTTTTCTTTACATTTAGCAGGAATTTCTTCTATTTTAGGGGCTGTTAATTTTATTACTACAGTTATTAATATACGATCTACAGGAATTACTTTT"
243,"OTU_243",0,0,0,0,5,4,0,0,0,0,"TCTTTCTTCAAGAATTGCCCATGCAGGAGCTTCAGTTGATTTAGCTATTTTTTCCCTTCATTTAGCTGGAATTTCTTCTATCTTAGGAGCGGTAAACTTTATTACTACAGTAATTAATATACGCTCAAAGGGACTAACCTTA"
244,"OTU_244",10,0,0,0,0,0,0,0,0,0,"TTATCAGCAGGTATTGCTCATGCCGGAGCTTCTGTTGATTTAGCAATTTTTTCTCTTCATTTAGCTGGGATTTCATCTATTTTAGGAGCTGTAAATTTTATTACAACAGTAATTAATATACGATCCTCTGGTATTACATTT"
245,"OTU_245",36,2,0,0,0,0,2,0,0,0,"TTATCATCTGGGATTGCCCATGCTGGGGCTTCCGTTGATTTAGCAATTTTTTCACTTCACCTAGCGGGAATTTCATCTATTCTAGGGGCCGTAAATTTTATTACTACAATTATTAATATACGGTCTAATGGAATTACTTTT"
246,"OTU_246",0,0,0,0,9,0,0,0,0,0,"CCTCTCTTCTAATATTGCTCATGGAGGAGCTTCTGTTGATTTAGCTATTTTTTCTCTTCATTTAGCTGGAATTTCATCTATTTTAGGAGCTGTAAATTTTATTACAACAGTAATTAATATACGATCAACAGGAATTACATTT"
247,"OTU_247",0,0,0,0,61,112,1,2,0,4,"ACTATCTTCAGGAATTGCTCATGCTGGAGCTTCAGTAGATTTAGCTATTTTTTCCCTTCATTTAGCAGAAATTTCTAGAATTTTAGGAGCTGTAAATTTTATTACAACTGTAATTAATATACGATCTGAAGGAATTACATTA"
248,"OTU_248",50,10,0,0,0,7,0,0,1,3,"CCTATCTTCTGGAATTGCCCATGCAGGAGCTTCAGTAGATTTAGCCGTTTTTTCTTTGCATTTAGCAGGGATTTCCTCTATTTTAGGGGCTGTAAATTTTATTACAACAGTTATTAATATACGATCTAATGGTATTACTTTA"
249,"OTU_249",0,0,0,0,4,0,0,0,0,7,"TTTCTTCAAGAATTGCTCACAGAGGGGCTTCAGTTGATTTAGCAATTTTTTCTCTTCATTTAGCTGGAATTTCTTCTATTTTAGGGTCAGTAAATTTTATTACAACTGCGATTAATATACGATCAAGAGGAATTACTTTA"
250,"OTU_250",8,0,0,0,0,0,0,0,0,0,"TCTTTCTTCAGGAATTGCTCATGCTGGGGCTTCAGTAGATTTAGCTATTTTTTCACTTCATTTAGCAGGAATTTCTTCTATTTTAGGAGCTGTAAATTTTATTACAACAGTTATTAATATACGATCAGAAGGAATTTCATTA"
251,"OTU_251",0,0,0,0,0,7,0,0,0,0,"TTTATCTTCAATTATTGCTCATGGAGGAGCTTCTGTTGATCTTGCTATTTTTTCTTTACATTTAGCAGGAGTTTCATCAATTTTAGGAGCTGTAAATTTTATTACTACAGTAATTAATATGCGAGCTACTGGAATTACATTT"
252,"OTU_252",9,0,0,0,0,0,0,0,0,0,"ATTATCAGCGATTGAGGCTCACCCAACGCCATCTGTCGATTTCGCCATTTTTAGTTTACATATAGCTGGTGCATCATCATTAGCTGGATCAGTAAACTTTATTTCAACAATTTGAAATATGCGAGCACGTGGTATGCGCATG"
253,"OTU_253",0,0,0,0,0,6,0,1,0,0,"GCTTTCTTCTAATATTGCCCATGCTGGAGCATCTGTAGATTTAGCAATTTTTTCTTTACATTTAGCAGGAATTTCTTCTATTTTAGGAGCTGTAAATTTTATTACAACTGTAATTAATATACGGTCAGAAGGAATTTCTTTA"
254,"OTU_254",0,0,0,0,0,1,1,0,6,0,"ATTATCCGGTATCGAAGCACACCCTACACCTTCAGTTGATTTTGCAATTTTTAGTTTACATCTAGCTGGAGCATCCTCGTTAGCAGGATCCGTAAATTTTATATCAACCATTTGAAATATGAGAGCCAGAGGTATGCGAATG"
255,"OTU_255",8,0,0,0,0,0,0,0,0,0,"TCTTTCTTCAGGAATTGCTCATGCAGGAGCTTCGGTTGATTTAGCAATTTTTTCTCTTCATTTGGCAGGAATTTCTTCTATTTTAGGTGCAGTAAATTTTATTACTACTGTAATTAATATGCGTTCTGAAGGTATTACTTTA"
256,"OTU_256",9,0,0,0,0,0,0,0,0,0,"TCTTTCTTCTGGTATTGCTCATGCCGGAGCTTCAGTAGATTTAGCTATTTTCTCATTACACCTTGCTGGGATCTCTTCTATTTTAGGGGCTGTAAATTTTATTACAACTATTATTAATATACGATCTAATGGAATTACTTTT"
257,"OTU_257",0,0,0,0,0,0,0,0,1,6,"CTTATCTTCGGGAATTGCTCACACTGGAGCTTCAGTAGATTTAGCAATTTTTTCACTTCATTTAGCAGGAATTTCATCTATTTTAGGAGCTGTAAATTTCATTACTACAGTTATTAATATACGATCAAGAGGAATTACTTTA"
258,"OTU_258",0,0,0,0,4,2,0,0,0,0,"ATTATCATCTGCCATTGCCCACAGAGGGGCTTCAGTTGACTTAGCTATTTTTTCTTTACATTTAGCGGGGGTTTCTTCAATTTTAGGATCAGTAAATTTCATTACAACAGTTATTAATATACGTTCAAATGGAATTACTTTA"
259,"OTU_259",0,0,0,0,0,0,0,0,3,5,"CCTATCTTCTGGAATTGCTCATGCAGGGGCTTCAGTTGATTTAGCAATTTTTTCTCTTCATTTAGCTGGAATTTCTTCAATTTTGGGGGCTGTTAATTTTATCACTACAGTTATTAATATGCGTTCTGAAGGAATTTCACTA"
260,"OTU_260",0,0,0,0,1,8,0,0,0,0,"ACTTTCCGCAGGTTTAGCCCATTCAGGACCTAGTGTTGATATGGCTATTTTTAGTCTTCATATAGCTGGTCTATCTTCACTTTTTGGTGCAATAAATTTCATAACTACTATAATAAATATGAGAGTTCCTGCTATGTATTGG"
261,"OTU_261",2,1,0,0,0,0,2,0,2,2,"ACTAAGTTCATTGGTTGGCCATCAAGGCCCTGCTGTTGACTTGGCGATTTTGAGTTTGCATATTGCGGGTGCTTCATCTTTGATGGGTGCTATCAATTTTATTGTAACCATTTGCAACATGCGTCTTCCAGGTATGCGTTAC"
262,"OTU_262",0,0,0,0,3,5,0,0,0,0,"TCTATCCTCAGCAATTGCCCATAGAGGGGCATCTGTAGACTTAGCTATTTTTTCTTTACATTTAGCAGGAGTTTCCTCTATTTTAGGTTCAGTAAATTTTATTACTACTGTAATTAATATGCGTTCTAATGGAATCACTTTA"
263,"OTU_263",0,0,0,0,0,0,0,0,15,32,"CCTATCTTCAGGAATTGCTCACGCCGGGGGATCAGTTGATTTAGCTATTTTTTCCCTACATTTAGCAGGTATTTCCTCAATTTTAGGAGCTGTAAATTTTATTACAACAGTAATTAATATACGTTCTAATGGAATTACCTTA"
264,"OTU_264",0,0,0,0,0,0,0,0,4,3,"TCTCTCTTCAGGAATTGCTCATGCAGGAGCATCTGTAGATTTAGCAATTTTTTCTTTACATTTAGCGGGTATTTCTTCCATTTTAGGAGCAGTAAATTTTATTACTACTGTTATTAATATACGATCAGAGGGGATTTCGTTA"
265,"OTU_265",7,0,0,0,0,0,0,0,0,0,"ACTTTCCTCTGGAATTGCTCATGGAGGAGCTTCTGTAGATCTTGCTATTTTTTCTCTACATTTAGCAGGAATTTCTTCAATTTTAGGAGCAGTAAATTTTATTACTACTGTAATTAATATACGATCAACAGGAATTACATTT"
266,"OTU_266",3,27,0,0,1,2,0,0,0,0,"TCTTTCATCGGGAATTGCCCATGCTGGGGGATCCGTTGATTTAGCTATTTTTTCTCTACATTTAGCTGGTATTTCTTCAATTTTAGGAGCTGTAAATTTTATTACAACTGTTATTAATATGCGTTCAAACGGTATTACATTA"
267,"OTU_267",0,0,0,0,3,0,3,0,0,1,"ATTATCTTCAGGAATTGCACATGCAGGAGCTTCTGTAGATCTAGCAATTTTTTCTTTACATCTTGCTGGAATTTCATCAATTTTAGGAGCAGTAAATTTTATTACTACAATTATTAATATACGATCTATTGGTATTACTATA"
268,"OTU_268",0,0,0,0,0,7,0,0,0,0,"CCTATCTTCGAGAATTGCCCATAGAGGGGCATCAGTAGATTTAGCTATTTTTTCTCTTCATCTTGCAGGAATTTCTTCAATTTTAGGGTCTGTAAATTTTATTACAACTGCAATTAATATACGATCAAATGGAATTACATTA"
269,"OTU_269",0,0,0,0,19,6,1,0,0,0,"CTTATCGTCTGGAATTGCCCATGCTGGCGCTTCCGTTGATTTAGCAATTTTTTCACCTCACCTAGCAGGAATTTCATCTATTCTAGGAGCTGTAAATTTTATTACTACAATTATTAATATACGATCTAATGGAATCGCTTTT"
270,"OTU_270",0,0,0,0,2,8,0,0,0,0,"ACTTTCCAGAAATCTAGCCCATTCTGGACCATCAGTAGATTTAGCCATTTTTTCACTCCACTTAGCTGGTGCCTCATCAATTTTAGGGTCAATTAATTTTATCACCACAATAATTAACATACGATCAAAAGGAATACGACTA"
271,"OTU_271",0,0,0,6,0,0,0,0,0,0,"ACTATCAAGAAATTTAGCCCATGCCGGACCATCAGTAGATCTAGCCATCTTCTCACTTCATCTAGCAGGTGCCTCATCAATTTTAGGAGCTTTAAATTTTATTACAACTGTTATTAATATACGATGAACTGGGTTACGTATA"
272,"OTU_272",0,0,0,0,0,6,0,0,0,0,"TCTTTCTTCAAGAATTGCCCATGCAGGTGCTTCAGTTGATTTAGCTATTTTTTCTCTTCATTTAGCTGGAATTTCTTCTATCTTAGGAGCAGTAAACTTTATTACTACAGTAATTAATATACGTTCAAAAGGGTTAACCTTA"
273,"OTU_273",5,0,0,0,0,0,0,0,0,0,"TCTTTCTTCAGGAATTGCTCATGCTGGGGCATCTGTAGACTTAGCTATTTTTTCTCTTCATTTAGCTGGTATTTCTTCAATTTTAGGAGCAGTAAATTTTATTACTACAGTAATTAATATACGATCTGAAGGTATTACTTTA"
274,"OTU_274",0,0,1,5,0,0,0,0,0,0,"TCTTTCAAGAGCTATCGCCCACGCGGGAGCATCAGTAGATCTTGCAATTTTTTCCCTCCATTTAGCGGGAATTTCCTCAATTTTAGGGGCTGTTAATTTTATTACTACAGTTATCAATATGCGATCAAAGGGAATTACTCTT"
275,"OTU_275",6,0,0,0,0,0,0,0,0,0,"TCTATCCTCTGGAATTGCTCATGCTGGGGCATCCGTTGATTTAGCAATTTTCTCTTTACACTTAGCAGGAATTTCCTCGATTTTAGGGGCCGTAAATTTCATTACAACAGTAATTAATATACGATCAGAAGGAATTACTTTA"
276,"OTU_276",0,0,0,0,0,7,0,0,0,0,"ACTATCTAGAAACCTTGCCCATGCAGGCCCTTCAGTAGACATGGCCATTTTCTCTCTTCATTTAGCAGGTGCCTCATCAATTCTAGGAGCTGTAAACTTTATTACAACTGTTATTAACATACGATGAAATGGAATACGTTTA"
277,"OTU_277",7,0,0,0,0,0,0,0,0,0,"TCTTTCTTCTAATATCGCCCATGCTGGTGCCTCAGTAGATTTAGCAATTTTTTCATTACATTTAGCAGGAATTTCTTCAATTTTAGGGGCAGTAAATTTCATTACTACTGTAATTAACATACGATCCGAAGGAATTTCACTA"
278,"OTU_278",0,0,0,0,0,0,5,3,0,1,"ATTAAGTAGAAATATTGCGCATAGCGGGTCATCCGTGGATTTTGCTATTTTTTCTTTACATTTAGCGGGCATTTCTTCTCTTCTTGGGGCTGTAAATTTTATTAGAACTCTGGGGAACCTTCGATCATTTGGAATACTCTTA"
279,"OTU_279",0,0,0,0,5,0,0,0,0,0,"TCTTTCAGCAAGAATTGCTCATAGAGGGGCTTCAGTAGACTTAGCAATTTTTTCTCTTCATTTAGCGGGGATTTCTTCAATTTTAGGTTCAGTAAATTTTATTACAACAGCAATTAATATACGGGCAAACGGAATTACATTA"
280,"OTU_280",0,0,0,0,0,10,0,0,0,0,"TCTTTCAGCAAATATTTCCCACGCAGGAGCCTCTGTTGACCTAGCAATTTTTTCCCTTCACTTAGCAGGGATTTCATCAATTCTTGGAGCCGTTAATTTCATTACAACTATTATTAATATACGAAGAGCGGGCATTAAATTT"
281,"OTU_281",0,0,8,0,0,0,0,0,0,0,"TCTTTCTTCAGGAATTGCCCATGCAGGAGCCTCTGTTGATTTAGCAATTTTTTCTTTACATCTTGCTGGTATTTCCTCAATTTTAGGAGCAGTAAATTTTATTACAACTGTTATTAATATACGTTCAAGAGGAATTACTTTA"
282,"OTU_282",0,0,0,0,0,5,0,0,0,0,"ACTATCAGGAGGTATTGCTCATGGAGGAGCTTCAGTTGATTTAGCTATTTTCTCTCTTCATTTAGCAGGAATTTCTTCTATTTTAGGAGCAGTAAATTTCATTACTACAGTAATTAATATACGAGCTACTGGTATTACATTT"
283,"OTU_283",0,0,0,0,0,7,0,0,0,0,"TCTTTCTTCAAATATTGCTCATAGAGGAGCTTCTGTAGATTTAGCTATTTTTTCTTTACACTTAGCAGGAATTTCTTCTATTTTAGGATCAGTAAATTTCATTACAACAGTAATTAATATACGATCAAATGGAATTACTTTA"
284,"OTU_284",5,1,0,0,0,0,0,0,0,0,"ATTGAGTAGTAATCTTGCTCATTCTGGAACCGCTGTAGATTGCGCTATATTTAGTTTACATTTAGCTGGAATATCTTCTATAGTAGGCGCAATTAACTTTATAACAACAATTGTTAATATGCGATGTGCAGGTTTAAGTTTT"
285,"OTU_285",0,0,0,0,2,4,0,0,0,0,"ATTAGCTGGGGCTATTGCCCATGCAGGGGGATCAGTAGACCTTACAATTTTCTCTTTGCACTTGGCAGGGGTATCATCAATTTTGGGAGCAATTAACTTTATTACAACAACCATCAATATAAAGTCTCCTGGAATAAAGTTA"
286,"OTU_286",0,0,0,0,0,6,0,0,0,0,"TTTGGCTAGAGGTATTGCCCACGCAGGAGCTTCCGTAGATTTAGCTATTTTTTCCCTTCACTTGGCAGGGGTTTCTTCCATCTTGGGGGCCATTAATTTTATTACCACCATTATTAATATACGAACTCCGGGCATAACCTTT"
287,"OTU_287",0,0,0,0,0,0,0,0,0,5,"TCTTTCAGCAAATGTATCACATGCTGGAGCGTCTGTTGATTTAGCTATTTTCTCATTACATTTAGCAGGTATTTCATCAATTTTAGGAGCCGTTAATTTTATTACAACAATTATTAATATACGCTCTAATGGAATTACCTTT"
288,"OTU_288",5,0,0,0,0,0,1,1,0,2,"TTTATCAGGTATTGAAGCACACCCAACACCTTCAGTTGATTTTGCTATTTTTAGTTTGCATTTAGCCGGAGCTTCTTCATTAGCGGGTTCAGTAAATTTTATTTCAACCATTTGAAATATGCGTGCACGTGGAATGCGAATG"
289,"OTU_289",0,0,0,0,3,1,1,1,0,0,"CCTTTCATCAAGAATTTCTCATGCAGGAGCTTCTGTTGACTTAGCTATTTTTTCTTTACATTTAGCTGGTATTTCATCAATTTTAGGAGCTGTTAATTTTATTACAACAGTAATTAATATGCGATCGGAAGGAATTACTTTT"
290,"OTU_290",0,0,0,0,4,2,0,0,0,0,"CTTGTCAGCAGGAATTGCTCATGCAGGTGCTTCAGTAGATTTAGCTATTTTTTCCCTTCACTTGGCAGGAGTTTCTTCAATTTTAGGAGCTGTTAATTTTATTACAACTACAATTAATATACGAACTCCTGGTATAACAATA"
291,"OTU_291",0,0,0,0,5,0,1,0,0,0,"ATTATCTTCAAACATTGCTCATGGAGGAGCATCTGTTGATCTAGCAATTTTTAGACTACATTTAGCTGGGATTTCATCAATTTTAGGTGCAGTAAATTTTATTACAACTGTTATTAATATACGATCAAAAAATTTAACATAT"
292,"OTU_292",0,0,0,0,0,0,0,0,0,11,"ACTATCGGGACCAGTAGCTCACTCTGGTTCATCAGTAGATCTTGCTATTTTTTCATTACACTTAGCTGGGTTATCATCTATTCTGGGATCTATTAATTTTATTACTACTATTTTTAATATGCGATCGCCTGGTATTACACTG"
293,"OTU_293",0,0,0,0,4,5,0,0,0,0,"ATTATCAGCAGGCTTATCTCATTCAGGACCTAGCGTTGACATGGCTATATTTAGTTTACATATAGCTGGTTTATCTTCTTTATTTGGTGCAATAAACTTTATTACTACGATAATAAACATGCGTGTACCACTAATGCATTGG"
294,"OTU_294",4,1,0,0,0,0,0,0,1,0,"ATTAAGTGCTAATATGGCGCATTCAACTTCAGGTGTTGATTTAGCTATTTTTAGTTTACATTTAGCTGGTGCATCATCAATTATGGGTGCAATTAATTTTATTATAACGATTTGTAATAGGCGAGCACGTGGATTAACATGG"
295,"OTU_295",0,0,0,0,2,4,0,0,0,0,"TTATCTTCAGGTATTGCTCATGCTGGAGCTTCTGTTGATTTAGCAATTTTTTCTCTTCATTTAGCAGGAATTTCTTCTATTCTTGGAGCTGTAAATTTTATCACAACAGTAATTAATATACGTTCTAATGGAATTACATTA"
296,"OTU_296",0,0,0,0,0,4,0,0,0,0,"TCTCTCGTCTGGAATTGCACATGCTGGGGCTTCTGTAGATTTAGCTATTTTTTCTCTTCATTTAGCTGGAATTTCATCAATTTTAGGAGCTGTAAATTTTATTACCACAGTAATTAATATACGATCAGAAGGAATTACTTTA"
297,"OTU_297",0,0,0,0,7,0,0,0,0,0,"CTATCTTCAACTATTGCCCATGCCGGAGCTTCCGTTGATTTAGCTATTTTTTCCCTTCATTTAGCCGGGATCTCCTCAATTTTGGGGGCAGTAAACTTTATTACAACAATTATTAATATACGAGCCCCAGGAATTACATTT"
298,"OTU_298",0,0,0,0,1,8,0,0,0,0,"CCTTGCTTCTACAATAGCTCATAGAGGAGCTTCAGTAGACCTCGCTATTTTTTCTTTACACATAGCCGGAGCCTCCTCTATTTTAGGGGCTGTTAATTTTATTTCTACTGTAATAAATATAAAAGTAGAAGATGCTTCCATA"
299,"OTU_299",0,0,0,0,0,0,4,1,0,3,"TCTTTCCTCAGGAATTGCTCATGCCGGGGCTTCTGTTGATTTAGCTATTTTTTCCTTACATTTAGCAGGAATCTCTTCTATTTTAGGAGCAGTTAATTTTATTACTACAGTAATTAATATACGTTCAAATGGAATTACTTTA"
300,"OTU_300",0,0,0,5,0,0,0,0,0,0,"ACTGGCTTCAGGAATTGCACATAGTTGAGCATATGTTAACCTCGCttttttttCTCTACACCTTGCAGGTACTTTATCAATTTTAGGTGCCGTGAATTTTACTACCACAGTAATTAATATACGATCTACATGGATCACATTT"
301,"OTU_301",0,0,0,0,0,0,0,0,0,7,"TTTATCAGCTGGAGTTGCTCACAGAGGGGCATCCGTCGATTTAGCTATTTTTAGATTACACTTAGCAGGTATTTCTTCAATTTTAGGTGCAGTTAATTTCATTTCTACCGTTATTAACATACGATCCACAGGAATAACTTTT"
302,"OTU_302",0,0,0,0,2,3,0,0,0,0,"GTTAGCTGCTAATATCGCCCACGGTGGTTCGTCAGTTGACTTTGCTATTTTTTCACTACATTTAGCTGGGGTTTCTTCTATTTTAGGTGCCGTTAATTTCATTACAACTGTCGTTAACATGCGCAGCCCGGGTATAACTTTA"
303,"OTU_303",0,0,0,0,0,5,0,0,0,0,"TCTTTCATCTGGGATCACCCATGGAGGAGCCTCTGTAGATTTAGCAATTTTTTCTTTACACCTAGCAGGGATTTCTTCGATTTTAGGGGCTGTTAATTTTATTACAACAGTAATTAATATACGAACTCCAGGTATTTCATTT"
304,"OTU_304",0,0,0,0,4,1,0,0,0,0,"TCTTTCTTCAAATATTGCTCATAGAGGAAGATCCGTAGATTTAGCTATTTTTTCTTTACATTTAGCAGGTATTTCTTCAATTTTAGGTTCAGTAAATTTTATTACTACAGTAATTAATATACGATCTATAGGAATTTCTTTA"
305,"OTU_305",7,0,0,0,0,0,0,0,0,0,"TTTATCAGCAAATGTTTCTCATGCCGGAGCATCTGTAGATTTAGCAATTTTCTCTTTACACTTAGCTGGTATTTCTTCTATTTTAGGAGCTATTAATTTTATTACTACAATTATTAATATGCGATCAAATGGTATTTCATTC"
306,"OTU_306",4,0,0,0,0,0,0,0,0,0,"ATTATCAGCTGGTTTAGCTCATTCAGGACCTAGCGTGGATATGGCTATATTTAGTTTACATATAGCAGGATTATCTTCTTTGTTTGGTGCAATAAATTTTATTACTACGATAATAAACATGCGTGTACCACTAATGCATTGG"
307,"OTU_307",0,0,0,0,0,11,1,0,0,0,"TCTTTCTGCAGCTATTGCTCATAGTGGGGCTTCTGTTGATTTAGCCATTTTCTCTCTTCATTTAGCGGGTGTTTCTTCAATTTTAGGTTCTGTAAATTTTATTACTACAGTTATTAATATACGAGCTAATGGAATTACTTTA"
308,"OTU_308",0,0,0,0,1,4,0,0,0,0,"TTTATCTTCTAATATTGCCCATGGAGGAAGATCAGTTGATTTAGCAATTTTTTCTCTTCATTTAGCTGGAATTTCTTCTATTTTAGGAGCTATTAATTTTATTACAACTATTATTAATATACGAATTAACGGAATATCATTT"
309,"OTU_309",0,0,0,0,2,8,0,0,0,0,"CTTATCAGCAGCTATTGCTCATAGAGGAGCCTCAGTAGATCTTGCAATTTTTTCTTTACATTTAGCAGGAGTGTCCTCTATTCTAGGGTCAGTAAATTTTATTACAACTGTAATTAATATACGAGCAAATGGAATTACATTA"
310,"OTU_310",0,0,0,0,2,5,0,0,0,1,"TTTAGCGTCAGGAATTGCTCATGCTGGAGCTTCAGTTGATTTAGCAATTTTTTCTCTTCATTTAGCTGGGGTATCTTCTATTTTAGGGGCAGTTAATTTTATTACAACAGTTATTAATATACGATCTAATGGAATTACTTTA"
311,"OTU_311",0,0,0,0,0,0,0,0,3,3,"CTTATCTGCTGGAATTGCCCATACAGGAGCTTCAGTTGATTTAGCAATTTTTTCTCTTCACTTAGCAGGAATTTCTTCAATTTTAGGAGCTGTAAATTTTATTACCACAGTAATTAATATACGATCAAGAGGAATTACACTA"
312,"OTU_312",0,0,0,0,0,0,0,0,4,0,"ATTAGCAGCTAACGTTTCTCATGCTGGGGCATCAGTTGATTTAGCAATTTTTTCTCTTCATTTAGCAGGTATTTCATCAATTTTAGGGGCTGTTAATTTTATTACAACAATCATTAATATACGATCTGTAGGAATCACGTTT"
313,"OTU_313",0,0,0,0,2,5,0,0,0,0,"TCTATCAGGACCTGTAGCCCACTCTGGTTCATCAGTAGATCTTGCTATTTTCTCATTACACTTAGCTGGGTTATCATCTATTCTAGGTGCTATTAATTTTATTACTACTATTTTTAATATACGCTCTCCCGGTATTACACTG"
314,"OTU_314",2,1,4,6,0,0,0,0,0,0,"ATTATCATCTGGAATTGCTCACGCTGGAGCTTCAGTTGACTTAGCTATTTTTTCTCTACATTTAGCTGGAATTTCTTCTATTTTAGGAGCAGTTAATTTTATTACAACTGTAATCAATATACGGTCAGAAGGAATTACTTTA"
315,"OTU_315",0,0,0,0,0,0,2,3,0,1,"ATTAGCTAGTAATATTGCCCACGCTGGTGCCTCAGTCGACCTCGCTATTTTTTCTCTACATTTAGCTGGGGTATCTTCAATTTTAGGAGCCATTAATTTTATTACTACTATTATTAATATACGAGCACCAGGAATAACTTTT"
316,"OTU_316",7,0,0,0,0,1,0,0,0,0,"CCTGTCTTCTAATATTGCTCATGGAGGAAGATCAGTTGATTTAGCTATTTTTTCTCTTCATTTAGCAGGAATTTCTTCTATTTTAGGAGCTATTAACTTTATTACAACTATTATCAATATACGAATTAATGGAATATCATTT"
317,"OTU_317",0,0,0,0,11,10,0,0,0,0,"TTATCATCTGGAATTGCCCATGCTGGCGCTTCCGTTGATTTAGCAATTTTTTCACTTCACCTAGCAGGAATTTCATCTATTCTAGGGGCTGTAAATTTTATTACAACTGTAATTAATATACGAGCAAATGGAATTACATTA"
318,"OTU_318",0,0,0,0,0,0,4,2,0,8,"CCTTTCTTCAGGAATTGCTCACGCCGGAGCTTCTGTTGATTTAGCAATTTTTTCCCTACATTTAGCCGGTATTTCATCTATTTTAGGAGCTGTAAATTTTATTACTACTGTAATTAATATGCGGTCTGAAGGTATTTCCTTA"
319,"OTU_319",0,0,0,0,2,8,48,39,20,46,"TCTTTCTTCAGGAATTGCTCATGCAGGTGGATCAGTTGACTTAGCTATTTTTTCCCTTCACCCTGCAGGTATTTCTTCTATTTTAGGGGCAGTAAATTTTATTACAACAGTAGTAAATATACGGTCTAACGGAATTACTCTA"
320,"OTU_320",0,0,0,0,3,3,0,0,0,0,"TTATCCTCAGGAATTGCCCACGCTGGAGGATCAGTAGATTTAGCTATCTTTTCTTTACATTTGGCGGGTATTTCATCAATTTTAGGAGCTGTAAATTTTATTACTACAGTAATTAATATGCGATCAAATGGAATTACTTTA"
321,"OTU_321",1,0,0,0,15,29,0,1,0,0,"TTATCATCTGGAATTGCCCATGCTGGCGCCTCCGTTGATTTAGCAATTTTTTCACTTCACCTAGCAGGAATTTCATCTATTCTAGGGGCTGTAAATTTTATTACTACAATTATTAATATACGATCTAATGGAATCACTCTT"
322,"OTU_322",0,0,0,0,1,3,0,0,0,0,"ACTATCAAGAAATCTAGCCCATGCTGGACCTTCAGTAGATATGGCTATTTCTCCACTTCATTTAGCAGGTGCTTCTTCTATTTTAGGAGCTGTAAACTTTATTACGACTGTAATAAACATGCCTTGAAATGGAATACGATTA"
323,"OTU_323",0,0,0,0,0,4,0,0,0,0,"TCTTTCATCTGGAATTGCGCATGCTGGAGCATCAGTTGATTTAGCCATTTTTTCTTTACATTTAGCAGGAATCTCATCTATTTTAGGAGCTGTAAATTTTATTACAACAGTAATTAATATACGATCTGAAGGAATTTCTTAC"
324,"OTU_324",0,0,0,0,2,1,0,0,0,0,"TTTATCTTCAAGAATTGCTCATAGAGGAGCTTCAGTAGATTTAGCTATTTTTTCCTTACATTTAGCAGGTATTTCTTCAATTTTAGGATCAGTAAATTTTATTACTACAGTAATTAATATACGATCAAATGGAATTACATTA"
325,"OTU_325",3,0,0,0,0,0,0,0,0,0,"TTTGTCGTCAATAAGTTCTGATTCAGCAGTAGATTTTGCAATTTTTAGTTTACATTTAGCAGGTATATCTTCTATAGGTGGTGCAATTAATTTTTTAGCTACTATGATTAATATGAGAGTTCCTGGTATGAAATTA"
326,"OTU_326",0,0,0,0,0,0,0,0,3,2,"TCTTTCATCTGGAATTGCACATGCCGGAGCCTCAGTTGACTTAGCTATTTTTTCTTTACATTTAGCTGGAATTTCTTCTATTTTAGGTGCAGTAAATTTTATTACTACAGTTATTAACATACGATCTAATGGAATCACTTTA"
327,"OTU_327",0,0,0,0,0,5,0,0,0,0,"CCTATCTTCCGGAATTGCTCATAGAGGAGCATCAGTAGATTTAGCTATTTTTAGATTACACTTGGCGGGAATTTCCTCTATTTTAGGAGCTGTAAACTTTATCACAACTATTATTAATATACGTTCTATTGGAATAACGTTT"
328,"OTU_328",0,0,0,0,3,0,0,0,0,0,"ATTATCAGCTAATATCGCTCACGGAGGTTCATCTGTAGATTTAGCTATTTTTAGCTTACATTTAGCTGGGATTTCTTCAATTTTAGGAGCTGTAAATTTTATTACCACAGTTATTAATATACGCCCTGAAGGAATAACTTTA"
329,"OTU_329",0,0,0,4,0,0,0,0,0,0,"CTATCCTCCGGAATCGCACATGGGGGGGCATCAGTTGATTTAGCTATTTTTAGTTTACATTTAGCTGGAATCTCTTCTATTCTGGGAGCTGTAAATTTTATTACTACTATTATTAATATACGATCAATAGGAATAACATTC"
330,"OTU_330",0,0,0,0,0,4,0,0,0,0,"ATTATCTTCTAATATCGCTCATGGTGGAGCTTCTGTTGATTTAGCTATTTTTTCATTGCATTTAGCAGGAATCTCATCAATTTTAGGAGCAGTAAATTTTATCACTACAGTTATTAATATACGATCTACAGGAATTACATTT"
331,"OTU_331",6,0,0,0,0,0,0,0,0,0,"CTATCTGCTGGAATTGCCCATGGAGGAGCTTCAGTTGATTTAGCAATTTTTTCTCTTCATTTAGCAGGTATCTCTTCTATTTTAGGAGCAGTAAATTTTATTACAACAGTAATTAATATACGATCTACAGGAATTACATTT"
332,"OTU_332",0,0,0,0,0,0,0,0,3,0,"GCTAAGCGGAATATTATCTCATTCTAGCGGCGCTGTTGATTTCGCCATTTTTAGTTTACATTTATCTGGTTTATCTTCAATATTAGGCGCGATCAATTTTATAGTTACTATTTTAAATATGCGCTTACCTGGTTTTAGAATG"
333,"OTU_333",0,0,0,0,0,0,0,0,4,0,"TCATTCTGCTAACGTAGCCCATAGACGATCCTCAGTAGATCTAGCAATTTTCAGACTACATTTAGCTGGTATTTCATCCATTCTAGGTGCAGTAAATTTTATTACAACTGTAATTAACATACGATCCCCTGGTGTATCCTTT"
334,"OTU_334",0,0,0,0,4,0,0,0,0,0,"TCTATCTTCTGCAATTGCTCACAGAGGGGCTTCTGTTGATTTAGCTATTTTTTCTCTTCATTTAGCCGGAGTTTCTTCTATTTTAGGATCAGTAAATTTTATTACAACTGTAATTAATATACGATCAAATGGTATCACTTTA"
335,"OTU_335",0,0,0,0,0,4,0,0,0,0,"ACTTTCTTCAGTTATTGCTCATGGAGGAGCTTCAGTTGATTTAGCTATTTTTTCCCTTCACTTAGCAGGAGTTTCTTCAATTTTAGGAGCAGTAAATTTTATTACTACAGTTATTAATATACGATCAACAGGAATTACATTT"
336,"OTU_336",0,0,0,0,0,4,0,0,0,0,"TCTTGCAAGAAATATTTTCCATAGAGGTTCATCAGTAGACTTTGCTATTTTTTCATTACATTTAGCTGGAATTTCTTCTATTTTAGGAGCCATCAATTTTATTACCACTATTATTAATATACGACCAAGAAACATAACCTTT"
337,"OTU_337",0,0,0,0,2,4,0,0,0,0,"GCTATCTTCAAGAATTGCTCATAGAGGAGCTTCTGTAGATTTAGCTATTTTTTCTTTGCACTTAGCTGGGATTTCCTCTATTTTAGGGTCCGTAAATTTTATTACCACTGCAATTAATATACGTTCTAGAGGTATTACTCTA"
338,"OTU_338",0,0,0,0,3,1,0,0,0,0,"TTTATCTTCTAACATTGCCCATGCCGGAGCTTCTGTTGATCTAGCTATTTTTTCACTACACTTAGCTGGTATTTCATCAATTTTAGGGGCTGTAAATTTTATCACAACAGTAATTAATATACGGTCAGAAGGGCTTTCCTTA"
339,"OTU_339",0,0,0,10,0,0,0,0,0,0,"TTTAGCGGCTGGAATTGCACATAGAGGAGCATCTGTTGATCTCGCTATTTTTTCTTTACATTTAGCGGGAATTTCATCAATTTTAGGAGCCGTAGATTTTATTACTACAGTAATTAACATACGATCTACAGGAATCACCTTT"
340,"OTU_340",0,0,0,0,2,2,0,0,0,0,"TCTTTCAGCAAGAATTGCTCATAGAGGAGCTTCAGTAGACTTAGCAATTTTTTCTCTTCATTTAGCAGGAATTTCTTCAATTTTAGGCTCAGTAAATTTTATTACAACCGCAATTAATATACGAGCAAATGGAATTACATTA"
341,"OTU_341",0,0,0,0,2,1,0,0,0,0,"ATTATCAAGATTAATTTCTCATGGAGGACCGTCAGTTGATTTAGCAATTTTTTCTCTTCATTTGGCAGGTATTTCGTCTATTTTAGGAGCTGTAAATTTTATTACTACTATTATTAATATACGATCTGTAGGAATTACATTT"
342,"OTU_342",3,0,0,0,0,0,0,0,0,0,"ACTATCAAGAAACCTGGCCCATGCAGGACCATCTGTAGACATGGCTATTTTCTCACTACATTTAGCCGGGGCATCATCTATTTTAGGAGCAGTAAATTTTATTACAACAGTAATAAATATACGATGAAACGGTATACGATTA"
343,"OTU_343",0,0,0,0,0,2,0,1,0,1,"TCTTTCTGCTAATATTGCTCATAGAGGATCTTCTGTAGATTTAGCAATTTTTAGACTTCATTTAGCAGGAATTTCATCTATTCTTGGTGCTGTAAATTTTATTACAACTGTTATTAATATACGATCCCCAGGCATAACTTTT"
344,"OTU_344",0,0,0,0,0,4,0,0,2,0,"TTTAGCGAGTGTAGAGTTTCATTCAGGAGGTGCAGTAGATTTAGCAATTTTTAGTTTACATTTAGCAGGGGTATCATCGTTATTGGGTGCTATTAATTTTATAACAACAGTTATTAATATGAGGATTGAGGGATTATTTTGG"
345,"OTU_345",0,0,0,0,0,0,0,0,0,5,"TTTGTCAAGAAACATTTCTCACTCAGGAGCTAGGGTAGATCTTACTATTTTTTCCCTTCATTTAGCAGGAGCTAGATCTATTTTAGGGGCTATTAATTTTATTACAACAATCATTAATATACGTGCTGCAAGAATATCTTTA"
346,"OTU_346",0,0,0,0,1,7,0,0,0,0,"ACTTTCTGCTGGGATTGCCCATGCAGGAGCTTCAGTTGATTTAGCCATTTTTTCCTTACATCTGGCTGGGGTTTCATCAATTTTAGGGGCCGTAAATTTTATTACAACAACTATTAATATACGATCCAGAGGAATAACTATA"
347,"OTU_347",0,0,0,0,0,3,0,0,0,0,"TTTATCAGGGTTAGAAGGTTTTAACACTTTTAGAGTAGATTTTATTATTTTTTCCTTACATTTAGCAGGTATTTCTTCTATTGCAAGATCTTTAAATTTTTTAGTAACTATTATTATAATACGACCTTTAAATATAACTTGA"
348,"OTU_348",2,0,0,0,4,0,0,0,0,0,"TCTATCTTCTGGGATTGCCCATGCCGGAGCTTCTGTTGATTTAGCAATTTTTTCACTACATTTAGCAGGAATTTCATCAATTTTAGGAGCAGTTAATTTTATTACTACTGTAATTAATATACGATCATCAGGAATTACTTTT"
349,"OTU_349",0,0,0,0,0,0,1,2,0,3,"CCTATCTTCCGGGATTGCTCATGCTGGGGCTTCTGTTGATTTAGCTATTTTTTCTCTACATTTAGCAGGAATTTCTTCTATTTTAGGAGCCGTAAATTTTATTACAACAATTATTAATATACGGTCTAATGGAATTACATTT"
350,"OTU_350",2,0,0,0,0,0,0,0,0,0,"ACTCTCTAGTAACATTTCTCACTCAGGGGCAAGAGTAGACCTTACAGTCTTTTCTCTTCACCTAGCTGGAGCCTCATCAATTCTCGGAGCAATTAACTTTATTACAACAATTATTAATATGCGCTCTTCTGATATATCTTTA"
351,"OTU_351",0,0,0,0,0,0,0,0,0,2,"ACTAGCAGCAGGAATTGCACATGGTGGAGCTTCAGTAGATTTAGCCATTTTTTCATTACATTTAGCAGGTATCTCATCAATTCTAGGAGCAGTAAATTTCATTACTACTGTAATTAATATACGATCTACAGGAATCACATTT"
352,"OTU_352",0,0,0,0,0,0,2,1,0,0,"TCTCTCATCTGGCATCGCTCATGCAGGGGCCTCAGTTGATTTGGCTATTTTTTCTCTTCATTTAGCCGGAATCTCCTCAATTTTAGGAGCAGTAAATTTCATTACTACAGTAATTAATATGCGATCTGAGGGGATTACTCTT"
353,"OTU_353",0,0,0,0,0,0,2,0,0,0,"ACTTTCTTCTGGAATTGCTCATGCTGGTACTTCTGTTGATTTAGCAATTTTCTCTTTACATTTAGCAGGTATTTCTTCTATCCTAGGAGCAGTAAATTTCATTACTACAGTAATTAATATACGGTCCGAAGGAATCACTTAT"
354,"OTU_354",3,0,0,0,0,0,0,0,0,0,"ACTATCATCTGGAATTGCTCACACTGGAGCTTCAGTTGATTTAGCAATTTTTTCATTACACCTAGCTGGAATTTCTTCTATTTTAGGAGCTGTAAATTTTATTACTACAGTTATTAATATACGATCTAGAGGGATTACTTTA"
355,"OTU_355",0,0,2,0,0,0,0,0,0,0,"CCTTTCTTCTGGAATTGCTCATGCTGGTGCTTCAGTTGATTTAGCCATTTTTTCCTTACGTTTAGCTGGAATTTCTTCTATTTTAGGGGCTGTTAATTTCATTACAACTGTAATTAATATACGCTCTGAAGGAATTACATTA"
356,"OTU_356",0,0,3,0,0,0,0,0,0,0,"TTTATCATCTATTATTGCGCATGGAGGAGCATCTGTCGATTTAGCTATTTTTTCTCTTCATTTAGCAGGAATTTCTTCAATTTTAGGAGCCGTAAATTTTATTACAACAGTAATTAATATACGATCAACAGGAATTTCATTT"
357,"OTU_357",2,0,0,0,0,0,0,0,0,0,"ACTTTCAGCTAATATTGCACATAGGGGCTCTAGAGTAGATCTGGCTATTTTTAGACTTCATTTAGCAGGAATCTCTTCAATTTTAGGTGCTGTAAATTTTATTTCAACAGTAATTAACATACGACCCAGAGGAATGCACTTA"
358,"OTU_358",0,0,0,0,0,3,0,0,0,0,"TTTATCTTCAGGAATTGCTCATGCAGGAGCTTCTGTTGATTTAGCTATTTTTTCTCTACATTTAGCAGGAATTTCTTCTATTTTAGGAGCAGTAAATTTTATTACTACTGTTATTAATATACGATCAAGCGGAATTACATTA"
359,"OTU_359",0,0,0,0,1,3,0,0,0,0,"ATTATCTAGAACTTTATCCCATAGAGGAAGATCTGTTGATTTAGCTATTTTTTCTCTTCATTTAGCAGGTATTTCTTCTATTTTAGGAGCTGTTAATTTCATTACAACAGTTATTAATATACGATCAACAGGAATTACATTT"
360,"OTU_360",0,0,0,0,0,0,0,0,0,2,"ATTAGCGACAGGAATTGCACATAGTGGAGCATTTATTGATCTCGTTATAGCTTCTAGCAAGAATCTCAACAATTTTAGGTGCAGTAAATTTCATTCCCACAGTAATTAATATACGATCTATAGGAATTATCTTT"
361,"OTU_361",0,0,0,0,3,0,0,0,0,0,"TCTTTCACTAAATATTGCACATGCCGGAGCATCTGTTGATTTAGCTATCTTTTCCCTCCATTTAGCGGGAATCTCCTCAATTTTAGGAGCTGTAAATTTCATTACTACAGTTATTAATATACGATCAGAAGGAATTACATTA"
362,"OTU_362",0,0,0,0,0,2,0,0,0,6,"ACTCTCGGCTGGGATTGCTCATGCGGGGGCCTCTGTAGATCTAAGAATCTTCTCCCTCCATTTGGCCGGTATTTCTTCTATTCTTGGGGCTGTCAACTTTATTACTACTATTATCAATATACGATCGGCTGGGATATCATTA"
363,"OTU_363",5,1,0,0,1,0,0,0,0,0,"ACTATCTTCTGGAATTGCCCATGCAGGTGCTTCAGTAGATTTAGCCATTTTTTCTTTGCATTTAGCAGGAATTTCATCTATCTTAGGAGCTGTAAATTTTATTACAACAGTTATTAATATGCGGTCTAATGGTATTACTTTA"
364,"OTU_364",0,0,0,0,0,0,0,0,0,2,"CTTATCTTCAAGAATCGCCCATGCTGGGGCTTCTGTAGATTTAGCAATTTTTTCCTTACATTTAGCAGGAATTTCTTCAATTTTAGGGGCTGTAAATTTTATTACAACAGTTATTAATATACGATCATATGGGATTACATTC"
365,"OTU_365",0,0,0,0,0,0,4,1,0,0,"TTTATCTTCTAACATCGCTCACAGAGGAGCCTCAGTTGATTTAGCAATTTTCTCACTGCACCTAGCAGGTATCTCTTCTATCTTGGGATCAGTAAATTTTATTACAACATCTATTAATATACGTGCTAATGGAATTACCTTA"
366,"OTU_366",0,0,0,0,2,0,0,0,0,0,"TCTTTCATCTGGTACAGCCCATGCTGGAGCTTCAGTAGATTTAGCTATTTTTTCGTTACATTTAGCTGGTATTTCATCAATTTTAGGAGCTGTAAATTTTATTACTACTGTAATTAATATACGATCTTCAGGTATTACTCTT"
367,"OTU_367",0,0,0,0,3,0,0,0,0,0,"TTTAGCTGCTGGAATTGCCCATAGAGGTGCTTCTGTAGATTTAGCTATTTTTTCACTTCATTTAGCTGGTATTTCATCAATTTTAGGGGCAGTAAATTTTATTACTACAGTAATTAATATACGATCAGTAGGAATTACATTT"
368,"OTU_368",0,0,36,8,0,0,0,0,0,0,"TTTATCGGCAGGAATTGCACATGCTGGGGCTTCAGTTGATTTAGCTATTTTTTCTCTTCATTTAGCAGGAATTTCTTCTATTTTAGGGGCTGTTAATTTTATTACAACTGTAGTTAATATGCGATCAGTTGGGATTACTTTT"
369,"OTU_369",2,0,0,0,0,0,0,0,0,0,"TCTTTCTTCAGGTATTGCTCATGCAGGTGCGTCTGTAGATTTAGCTATTTTCTCTTTACATTTAGCAGGAATTTCATCAATTTTAGGAGCTGTAAATTTTATTACAACAGTAATTAATATACGTTCAAATGGAATTACTTTA"
370,"OTU_370",0,0,0,0,0,0,0,1,0,1,"ACTATCTTCAAATATTGCTCATGCTGGGGCTTCTGTAGATTTAGCTATTTTTTCTTTACATTTAGCAGGAATTTCTTCAATTTTAGGAGCTGTAAATTTTATCACAACAGTAATTAATATACGATCTGAAGGAATTTCATTA"
371,"OTU_371",0,0,0,0,0,1,0,0,0,3,"TCTATCATCTAACATTGCTCATGCAGGTGCTTCAGTTGATTTAGCTATTTTTTCTCTTCATTTAGCAGGTATTTCTTCAATTTTAGGAGCAGTAAATTTTATTACTACAGTAATTAATATACGGTCAGAAGGAATTTCTTTA"
372,"OTU_372",0,0,0,0,0,0,0,0,1,1,"ATTATCAGCAGGTATTGCCCATGCAGGAGCATCTGTAGATTTAGCAATTTTTTCTCTACACTTAGCAGGAGTATCTTCAATTTTAGGGGCTGTAAATTTTATTACAACTGTAATTAATATACGATCTGCTGGTATTACTTTT"
373,"OTU_373",0,0,0,2,0,0,0,0,0,0,"TTTATCATCAATTGATTTCCATTCAGGTGGGTCGGTTGATTTAGCTATTTTTAGTTTACATTTAGCAGTGTATCTTCTTTATTAGGTGCAATTAATTTTATTACAACTGTAATTAATATGCGTCATAGAAGTATTACTTGG"
374,"OTU_374",0,0,0,0,4,4,0,0,0,0,"ACTATCAGGACCTGTAGCTCACTCTGGTTCATCAGTAGATCTTGCTATTTTCTCTTTACACTTAGCTGGGTTATCATCTATTTTGGGTGCTATTAATTTTATTACTACAATTTTTAATATACGTTCTCCTGGTATTACACTG"
375,"OTU_375",0,0,0,0,2,0,0,0,0,0,"ACTATCAAGAAACTTAGGTCACTCAGGGCCAAGAGTTGACTTTGCAATCTTTTCCCTTCACATAGCAGGAATCTCATCAATTCTAGGAGCAATTAACTTCATCACAACAGTAATAAATATACGAAGTACAGGAATAAACATA"
376,"OTU_376",0,0,0,0,0,0,0,1,0,1,"TTTATCTTCTAATATTGCCCATAGAGGGGCTTCAGTTGATTTAGCTATTTTTTCTTTACATTTAGCGGGAATTTCATCAATTTTAGGTTCTGTAAATTTTATTACCACAGTAATCAATATACGATCTAACGGTATTACTTTA"
377,"OTU_377",0,0,0,0,22,12,1,2,2,1,"ACTTTCCTCTGGAATTGCTCATGCCGGAGCTTCCGTTGATTTAGCAATTTTTTCTTTATACCTAGCAGGTATTTCATCTATTTTAGGAGCTGTAAATTTTATTACAACTGTAATTAATATACGATCTAATGGAATTACTTTA"
378,"OTU_378",0,0,0,0,4,1,0,0,0,0,"GCTCTCTGCAGGTATCGCTCATGCGGGGGCATCTGTAGATTTAAGAATCTTTTCTCTTCATCTTGCGGGGATTTCTTCTATTTTAGGTGCTGTAAATTTTATTACTACAATTATTAATATACGTTCTGAAGGAATGACTTTA"
379,"OTU_379",0,0,0,0,0,0,0,0,1,2,"TCTATCTGCTAACGTGGCCCATAGAGGATCTTCAGTCGATTTAGCAATTTTCAGATTGCATTTAACTGGTATTTCATCCATTCTAGGTGCAGTAAATTTTATTAGAACTGTAATTAATAAGCGATCCCCTGGCATATGCTTT"
380,"OTU_380",2,2,0,0,0,0,1,0,0,0,"CTTATCATCAAGAATTGCTCATGCCGGAGCTTCTGTTGATTTAGCAATTTTTTCTTTACATCTTGCAGGAATTTCATCAATTTTAGGGGCTGTAAATTTTATTACTACTGTAATCAATATACGTTCAAATGGTATTACCCTA"
381,"OTU_381",0,0,0,0,0,0,1,0,0,1,"TTTAGCCTCTGGAATTGCCCATGCAGGAGCTTCTGTTGATTTAGCTATTTTTAGATTACATCTTGCAGGTGTATCATCAATTTTAGGAGCTGTAAATTTTATTACAACAGTTATTAATATACGATCTCCTGGTATAACTTTT"
382,"OTU_382",0,0,0,0,1,1,0,0,0,0,"TCTTTCTGCTAGTATTGCTCATAGAGGAGCATCAGTAGATTTAGCAATTTTTTCCTTACATTTAGCGGGAATCTCATCAATTCTTGGTTCCGTAAATTTTATTACAACAGTTATTAATATACGTTCAAAAGGAATTACTCTA"
383,"OTU_383",0,0,0,0,2,0,0,0,0,0,"TTTATCATCAAATATTGCTCACGGAGGAGCTTCTGTTGACTTAGCTATTTTTTCTTTACATCTAGCAGGAATTTCATCTATTTTAGGAGCAGTAAATTTTATTACTACTGTAATTAATATACGATCAACAGGTATCACTTTT"
384,"OTU_384",0,0,3,0,0,0,0,0,1,0,"TTTAGCTGGAATTGAAAGCCATTCAGGTGGTTCTGTAGATTTAGCTATTTTTAGTTTACATTTAGCAGGTGCATCTTCTATTTTAGGAGTAATAAATTTTATTACTACAGTAATTAATATGCGTGCTCCTGGTTTAAAAAT"
385,"OTU_385",0,0,0,0,0,4,0,0,0,0,"TTATCATCTAATATTGCTCATGGAGGTGCTTCTGTTGATTTAGCAATTTTTTCACTCCACTTAGCAGGAATCTCTTCTATTTTAGGGGCAGTTAATTTTATTACAACTGTAATTAATATACGAGCAACAGGAATTACATTT"
386,"OTU_386",0,0,0,0,3,2,0,0,0,0,"GTTAAGCGATATTATAGCACATTCTGGAGCATCAGTGGATTTGGCCATTTTCAGCCTTCATTTAGCCGGAGCCTCTTCTATCTTAGGCGCTATTAATTTCATAACGACAATACACAATATGCGTTCACCTAATTTAATTATG"
387,"OTU_387",0,0,0,0,0,2,0,0,0,0,"TCTTTCATCTAATTTAGCTCATGGAGGAGCTTCTGTTGACTTAGCTATTTTTTCTCTACACCTTGCAGGTATTTCTTCTATTTTAGGAGCTGTAAATTTTATTACAACAGTAATTAATATACGATCTACAGGAATTTCATTT"
388,"OTU_388",0,0,0,0,0,3,0,0,0,0,"TCTTTCCTCCGGAATTGCTCATGCTGGGGCATCAGTTGATTTAGCTATTTTCTCTTTACATTTAGCAGGTATTTCTAGAATTTTAGGAGCTGTAAATTTTATTACTACAGTAATTAATATACGATCTGAAGGAATTACTTTA"
389,"OTU_389",0,0,0,0,0,1,1,0,0,0,"ATTATCAGGTATAGAAAGTCATTCGGGAGGTTCGGTTGATTTAGCTATTTTTAGTTTACATTTAGCCGGAGCATCTTCAATTTTAGGAGCGATGAATTTTATTACCACAGTAATAAATATGAGATCACCTGCTTTAAAAATG"
390,"OTU_390",3,0,0,0,0,0,0,0,0,0,"TCTCTCCAGGAATATCTCCCATTCTGGTGCAAGAGTAGATCTAACAATCTTTTCCTTACATTTAGCAGGGGCTAGTTCAATTTTAGGGGCAATTAACTTTATTACAACTATCATAAATATACGAGCAGCAAGAATATCTTTA"
391,"OTU_391",0,0,0,0,0,0,0,0,1,1,"TCTTTCATCAGGAATTGCTCATGCTGGGGGTTCTGTAGATTTAGCAATTTTTTCTCTTCATTTGGCCGGAATTTCTTCTATTTTAGGAGCAGTAAATTTTATTACTACTGTAATTAACATACGATCTGCCGGTATTACTTTA"
392,"OTU_392",0,0,0,0,2,0,0,0,0,0,"TCTAAGAATAAATGTTTCTCATTCTGGGGCGTCTGTAGATTTAGCTATTTTTTCTCTTCATTTAGCAGGAATCTCTTCATTATTGGGGGCCGTTAATTTTATTTCCACTATTGGAAATTTGCGAATTTATGGAATTTATTTT"
393,"OTU_393",0,0,0,0,2,0,0,0,0,0,"TTTGTCATCAAGAATTGCTCATAGAGGAGCTTCTGTAGATTTAGCTATTTTTTCTCTACATTTAGCAGGTATCTCCTCAATTTTAGGATCGGTTAATTTTATTACAACAGCTATTAATATACGATCAAATGGAATTACATTA"
394,"OTU_394",0,0,0,0,1,4,0,0,0,0,"TTTATCATCAGTAATTGCTCATGGAGGAGCATCAGTAGATTTAGCTATTTTTTCATTACATTTAGCGGGAATTTCATCAATTTTAGGAGCTGTAAATTTTATTACAACAGTAATTAATATACGAGCTACTGGAATTTCATTT"
395,"OTU_395",0,2,0,0,0,0,0,0,0,0,"GCTGTCTGCTAATATTGCTCATGGTGGCTCATCAGTTGATTTGGCAATTTTCAGATTACATTTAGCAGGTGTTTCCTCAATTCTAGGTGCAGTAAACTTTATTACAACAGTAATCAACATGCGACCCCAAGGAATAACATTC"
396,"OTU_396",0,0,0,0,1,2,0,0,0,0,"ACTTTCATCTAATATTGCACACAGAGGAAGCTCTGTAGATTTAACTATTTTTTCTTTACATTTAGCAGGAATTTCTTCTATCTTAGGAGCTATTAATTTTATTACTACTATTATCAATATACGAATTAATGGAATATCTTTT"
397,"OTU_397",0,0,0,0,7,47,0,0,0,0,"CTTATCAGCAGCTATTGCTCATAGAGGGGCTTCAGTAGATCTTGCAATTTTTTCTTTACATTTAGCAGGGGTATCTTCTATTCTAGGATCAGTAAATTTTATTACAACTGTAATTAATATACGAGCAGAAGGAATTACTCTT"
398,"OTU_398",0,0,0,0,0,0,2,1,1,2,"CCTCTCTTCAGGGATTGCTCACGCCGGAGCATCAGTAGATTTAGCAATTTTTTCTCTCCATTTAGCCGGAATTTCTTCAATTTTAGGGGCAGTAAATTTTATTACAACAGTAATTAATATACGATCTACAGGAATTTCTTTA"
399,"OTU_399",0,0,0,0,1,1,0,0,0,0,"ATTAGCAAGAAATATCGGTCATATAGGAAGATCAGTAGATCTTTCTATTTTTTCATTACATATAGCAGGAATTTCTTCAATTTTAGGGGCTATTAATTTTATTACAACTTGTATAAGAATAAAACCTAAAAGAATACTATTA"
400,"OTU_400",0,0,0,0,0,0,0,0,0,3,"ACTTTCATCTAATATTGCTCATAGAGGAAGATCAGTAGATTTAGCAATTTTCTCTCTTCATTTAGCTGGAATTTCATCAATTTTAGGAGCTATTAATTTTATTACTACTATCAATATACGATTAAATAGATTAATATTT"
401,"OTU_401",15,0,0,0,0,0,0,0,0,0,"TCTTTCTTCTGGTATTGCTCATGCTGGAGCTTCAGTAGATTTAGCTATTTTCTCATTACACCTTGCTGGAATTTCTTCTACTTTAGGAGCTGTAAATTTTATTACAACTATTATTAATATACGATCTAATGGAATTACTTTT"
402,"OTU_402",0,0,0,0,0,0,0,0,2,0,"TTTATCTTCAATTATTGCTCATGGAGGAGCTTCTGTTGATTTAACTATTTTTTCACTTCATTTAGCAGGAATTTCTTCTATTTTAGGTGCAGTTAATTTTATTACAACAGTAATTAATATACGATCAGTAGATATTACTTTT"
403,"OTU_403",0,0,0,0,25,38,0,0,0,1,"ACTATCTTCTGGAATTGCTCATGCTGGAGCTTCTGTTGATTTAGCAATTTTTTCTTTACACTTAGCAGGAATTTCTTCTATTTTAGGGGCTGTAAATTTTATTACTACAGTAATTAATATACGATCAGAAGGAATTACATTA"
404,"OTU_404",0,0,0,0,0,0,0,0,0,2,"TCTTTCTTCTAATATTGCCCACAGAGGAGCATCAGTAGATTTAGCTATTTTTTCTCTTCATTTAGCAGGAATCTCTTCAATTTTAGGTTCTGTTAATTTTATTACCACTGCTATTAATATACGAGCAAATGGTATTACACTA"
405,"OTU_405",3,1,0,0,0,0,0,0,0,0,"CTTATCTTCAGGAATTGCCCATGCTGGAGCTTCTGTAGATTTAGCAATTTTTTCACTTCATTTAGCAGGAATTTCTTCTATTCTAGGAGCTGTAAATTTCATTACAACTGTTATTAATATACGATCAAGAGGAATTACTTTA"
406,"OTU_406",0,0,0,0,0,0,1,0,0,2,"TTGTCTGCAAGTATTGCTCATAGTGGAGGATCTGTAGATCTTGCTATTTTTTCTTTACATTTAGCGGGTATTTCTTCTATTTTAGGATCAGTAAATTTTATTACAACAGCTATTAATATGCGAGCTAATGGTATTACTTTA"
407,"OTU_407",3,0,0,0,0,0,0,0,0,0,"TTTCAGCAGGTATTGCCCATGCGGGTTCATCAGTTAATATGGCTATCTTCTCCCTACATCTAGCTGGAGTTTCATCAATTTTAGGGTCTGTAAATTTTATTACAACAGTTATTAATATACGATCTAGAGGAATGACATTA"
408,"OTU_408",14,1,0,0,26,58,0,0,0,0,"TCTTTCATCGGGGATTGCCCATGCTGGAGGATCCGTTGATTTAGCTATTTTTTCTCTACATTTAGCGGGGGTTTCTTCAATTTTAGGAGCTGTAAATTTTATTACAACTGTTATTAATATGCGTTTAGAAGGAATCACACTA"
409,"OTU_409",0,0,0,0,0,0,0,0,0,2,"TTTATCAGCTAATATTGCCCACAGAGGTGCGCCTGTTGATTAAGCTATTTTTAGATTACATTAAGCTGGTATTTCATCTATTTTAGGGGCAGTAAATTGTATTACTACTACTATTAATAAACGAGCTACTGGAATAACTTTA"
410,"OTU_410",0,0,0,0,0,0,0,0,2,0,"TCTTTCTTCAATTATTGCTCATGGAGGAGCTTCTGTAGATTTAGCTATTTTTTCTTTACACTTAGCAGGAGTATCTTCAATTTTAGGAGCTGTAAATTTTATTACAACAGTAATTAATATACGATCAACAGGAATTACTTTC"
411,"OTU_411",0,0,0,0,0,4,0,0,0,0,"TTTAGCAAGAAACATTGCCCACGCTGGGGCCTCTGTTGACTTAGCCATTTTTTCTCTTCACCTCGCGGGGGTGTCTTCGATTCTAGGGGCCATTAATTTCATCACCACAATTATTAACATACGAGCCCCTGGTATAACCTTC"
412,"OTU_412",0,0,0,0,1,2,0,0,0,0,"TCTTTCTTCAGGAATTGCTCATGCTGGGGGATCCGTTGATTTAGCAATTTTTTCCTTACATTTAGCCGGAATTTCTTCAATTTTAGGAGCAGTTAATTTTATTACAACTGTAATTAACATACGTTCAAACGGAATTACTTTA"
413,"OTU_413",0,0,0,0,0,0,0,0,2,0,"GTTATCTGCTGGTATTGCTCATGGAGGAGCTTCAGTTGATTTAGCTATTTTTTCATTACATTTAGCAGGAATTTCTTCAATTTTAGGAGCAGTAAATTTTATTACAACAGTAATTAATATACGAGCAACAGGAATTACTTTT"
414,"OTU_414",0,0,0,0,0,0,0,0,0,5,"TCTATCTTCAGGAATTGCCCATGCCGGAGCATCTGTTGATTTAGCTATTTTTTCTTTACATTTAGCAGGAGTTTCTTCTATTTTAGGAGCTGTTAATTTTGTTACTACAGTTATCAATATACGTTCAAACGGTGTTACATTA"
415,"OTU_415",0,0,0,0,0,2,0,0,0,0,"CCTATCATCTAATATTGCCCACGGAGGATCATCTGTCGATTTAGCAATTTTTAGTCTTCATTTAGCTGGAATTTCTTCTATTTTAGGAGCTGTAAATCTCATTTCAACAGTTATTAATATACGAACAACAGGAATTACATTT"
416,"OTU_416",1,1,0,0,16,16,0,0,0,1,"TCTTTCATCGGGAATTGCCCATGCTGGAGGATCCGTTGATTTAGCTATTTTTTCTCTACATTTAGCTGGTATTCCTTCAATTTTAGGAGCTGTAAATTTTATTACAACTATTATTAATATACGTTCAGAGGGAATTACACTA"
417,"OTU_417",0,0,0,0,0,0,3,1,0,3,"CTTATCTTCCGGAATTGCCCATGCTGGGGCTTCTGTTGATTTAGCTATTTTTTCTCTACATTTAGCAGGAATTTCTTCTATTTTAGGGGCCGTAAATTTTATTACAACAATTATTAATATACGGTCTAATGGTATTACATTT"
418,"OTU_418",0,0,3,0,0,0,0,0,0,0,"TTTATCAAGTACGTTAGGTCATTATGGTGGTGCCGTTGATATAGCTATAATTTCATTACACTTAGCCGGTATTTCTTCATTGTTAGGTTCAATAAATATGATAGTTACCATTTTTAATATGCGCGCCCCTGGCTTAAGTATG"
419,"OTU_419",0,0,0,0,0,0,2,0,0,0,"TCTGTCTTCAAATATTGCCCATAGAGGGGCATCTGTAGATTTAGCTATTTTCTCCCTCCACTTAGCGGGAATTTCCTCTATCTTAGGGTCAGTAAATTTTATTACCACAGCTATTAATATACGGGCAAACGGAATTACATTA"
420,"OTU_420",0,0,0,0,2,0,0,0,0,0,"ATTGAGTTCTGTTCCCGGTCATAATGGCCCGGCTGTTGATTTGGCTATTTTTAGTTTGCACATCGCGGGTGCTTCTTCTATTGCCGGTGCTATTAATTTTATTAGTACTATTGCTAATATGAGAGCTCCTGGTATTTACTAT"
421,"OTU_421",3,0,0,0,0,3,0,0,0,0,"ACTTTCCGCAGGCCTTGCCCATTCTGGGCCAAGCGTAGATATGGCTATTTTTAGTCTACATATAGCAGGTCTATCCTCACTTTTTGGAGCAATTAATTTTATTACTACTATAATAAATATGCGTGTTCCTGCAATGTACTGG"
422,"OTU_422",0,0,0,0,3,1,0,0,0,0,"ACTTTCTGCTGGGATTGCTCATGCTGGAGCATCTGTTGATCTCGCTATCTTCTCTTTACACCTGGCCGGGGTTTCTTCAATTCTAGGGGCTGTAAATTTTATTACTACTACAATCAATATACGGTCAAGAGGAATGACTAT"
423,"OTU_423",0,0,0,0,0,0,0,0,2,0,"TCTATCATCAGGTATTGCCCATAGAGGAGCTTCTGTCGATCTAGCAATTTTTTCTTTACATTTAGCAGGAATCTCCTCTATTTTAGGCTCTGTAAATTTTATTACTACAGCAATTAATATACGAGCAAATGGTATTACTCTA"
424,"OTU_424",0,0,0,0,0,0,0,0,4,0,"ATTAGCAGCAGGAATTGCACATAGTGGTGCATCTGTTGATCTCGCTATTTTTCCTCTACATCTAGCATCAATTTTAGGTGCCGTAAATTTTATTACCACAGTAATTAATATGCGATCTACAGGAACTACCTTT"
425,"OTU_425",0,0,0,0,1,0,0,0,0,1,"TCTCTCCTCTAATATTGCTCATGGAGGTTCTTCAGTTGATTTAGCAATTTTTAGATTACATTTAGCTGGAATTTCTTCAATTTTAGGAGCTGTAAATTTTATTTCTACAGTAATTAATATACGATCAGTTGGTATTTCATTT"
426,"OTU_426",52,9,0,0,350,589,11,2,2,4,"TTATCATCTGGAATTGCCCATGCTGGTGCTTCCGTTGATTTAGCAATTTTTTCACTTCACCTAGCAGGAATTTCATCTATTCTAGGGGCTGTAAATTTTATTACTACAATTATTAATATACGATCTAATGGAATCACATTA"
427,"OTU_427",0,0,0,0,2,0,0,0,0,0,"CTCTTTCTGCTGGAATTGCTCATGCCGGAGCATCGATCGACTTAGCAATTTTCTCTCTACATTTAGCTGGGATTTCTTCTATTTTAGGAGCCGTAAATTTTATTACAACAGTAATTAATATACGGTCTGAAGGAATTACTTTA"
