Name,Sequence,Scale,Purification
fwhF2,GGDACWGGWTGAACWGTWTAYCCHCC ,,
fwhF2_1,ACACTCTTTCCCTACACGACGCTCTTCCGATCTGGDACWGGWTGAACWGTWTAYCCHCC ,4nmU,STD
fwhF2_2,ACACTCTTTCCCTACACGACGCTCTTCCGATCTNGGDACWGGWTGAACWGTWTAYCCHCC ,4nmU,STD
fwhF2_3,ACACTCTTTCCCTACACGACGCTCTTCCGATCTNNGGDACWGGWTGAACWGTWTAYCCHCC ,4nmU,STD
fwhF2_4,ACACTCTTTCCCTACACGACGCTCTTCCGATCTNNNGGDACWGGWTGAACWGTWTAYCCHCC ,4nmU,STD
EPTDr2n,CAAACAAATARDGGTATTCGDTC,,
EPTDr2n_1_C,GTGACTGGAGTTCAGACGTGTGCTCTTCCGATCTCAAACAAATARDGGTATTCGDTC,4nmU,STD
EPTDr2n_2_C,GTGACTGGAGTTCAGACGTGTGCTCTTCCGATCTNCAAACAAATARDGGTATTCGDTC,4nmU,STD
EPTDr2n_3_C,GTGACTGGAGTTCAGACGTGTGCTCTTCCGATCTNNCAAACAAATARDGGTATTCGDTC,4nmU,STD
EPTDr2n_4_C,GTGACTGGAGTTCAGACGTGTGCTCTTCCGATCTNNNCAAACAAATARDGGTATTCGDTC,4nmU,STD
EPTDr2n_1_T,GTGACTGGAGTTCAGACGTGTGCTCTTCCGATCTCAAACAAATARDGGTATTCGDTT,4nmU,STD
EPTDr2n_2_T,GTGACTGGAGTTCAGACGTGTGCTCTTCCGATCTNCAAACAAATARDGGTATTCGDTT,4nmU,STD
EPTDr2n_3_T,GTGACTGGAGTTCAGACGTGTGCTCTTCCGATCTNNCAAACAAATARDGGTATTCGDTT,4nmU,STD
EPTDr2n_4_T,GTGACTGGAGTTCAGACGTGTGCTCTTCCGATCTNNNCAAACAAATARDGGTATTCGDTT,4nmU,STD