sort,ID,CHILDS_1_S11,CHILDS_2_S12,FCW_1_S3,FCW_2_S4,SC_2_S14,SCGC_2_S76,TCDW_1_S7,TCDW_2_S8,VRBF_1_S9,VRBF_2_S10,VRSB_1_S5,VRSB_2_S6,WBC_1_S17,WBC_2_S18,WCC_1_S1,WCC_2_S2,WFOC_1_S15,WFOC_2_S16,sequ,Phylum,Class,Order,Family,Genus,Species,Similarity
1,OTU_1,49546,28814,94,127,41,0,1,10,1606,1726,5106,1118,96,63,42,66,633,225,CTTATCAGCAGCTATTGCTCATAGAGGGGCTTCAGTAGATCTTGCAATTTTTTCTTTACATTTAGCAGGAGTATCTTCTATTCTAGGATCAGTAAATTTTATTACAACTGTAATTAATATACGAGCAAATGGAATTACATTA,Arthropoda,Insecta,Diptera,Chironomidae,Dicrotendipes,,100
2,OTU_2,25,75,0,3,192,978,222,355,1109,879,731,37440,577,412,33,15,0,0,TCTATCTTCTGGAATTGCACATGCTGGAGCTTCTGTTGATTTAGCAATTTTTTCTTTACATTTAGCAGGAATTTCTTCTATTTTAGGAGCTGTAAATTTTATTACTACAGTAATTAATATGCGATCAGAAGGAATTACTCTT,Arthropoda,Insecta,Diptera,Chironomidae,Cricotopus,,100
3,OTU_3,130,85,28243,23966,1681,0,394,474,1085,984,564,86,40,28,254,324,613,438,TTTATCTTCTAACATTGCCCACGCAGGGGCCTCTGTTGATTTAGCTATTTTCTCATTACATTTAGCGGGTATTTCTTCAATTTTAGGAGCTGTAAATTTTATTACAACAGTAATTAACATACGGTCAGAAGGAATTTCACTG,Arthropoda,Insecta,Diptera,Chironomidae,,,99.26
4,OTU_4,0,0,0,0,624,3,0,0,216,11,0,0,14980,6384,13519,10972,2595,2111,TCTCTCTTCAAATATTGCTCATGCAGGAGCTTCAGTAGATTTAGCTATTTTTTCACTTCATCTTGCAGGTATTTCTTCTATTTTAGGAGCTGTAAATTTTATTACTACTGTTATTAATATACGATCAGAAGGAATTTCTTTA,Arthropoda,Insecta,Diptera,Chironomidae,Corynoneura,,99.26
5,OTU_5,545,771,2946,2875,146,16,21,29,4828,3833,6374,1481,2158,1554,1421,1821,128,100,TCTTTCTTCTGGAATTGCTCATGCTGGGGCTTCAGTTGATTTAGCTATTTTTTCTCTCCATTTAGCTGGAATTTCTTCAATTTTAGGGGCAGTAAACTTTATTACCACAGTAATCAATATACGATCAGAAGGAATTACTTTA,Arthropoda,Insecta,Diptera,Chironomidae,Eukiefferiella,,97.78
6,OTU_6,0,0,0,0,0,33700,0,0,0,23,0,0,0,0,0,4,0,0,TCTTTCTAGCAATATTGCACATAGAGGAGCTTCTGTCGACCTAGCAATTTTTTCTTTACATTTAGCTGGAGTGTCATCTATTTTAGGTTCAGTAAATTTTATTACAACAGTAATTAATATACGATCAAATGGAATTACTTTA,Arthropoda,Insecta,Diptera,,,,98.52
7,OTU_7,0,0,0,0,0,0,0,0,0,0,0,0,0,0,0,0,17503,14699,TCTTTCATCAGGAATTGCTCATGCTGGGGGTTCTGTAGATTTAGCAATTTTTTCTCTTCATTTGGCCGGAATTTCTTCTATTTTAGGAGCAGTAAATTTTATTACTACTGTAATTAACATACGATCTGCCGGTATTACTTTA,Arthropoda,Insecta,Diptera,Chironomidae,,,100
8,OTU_8,1164,1463,632,715,159,23,1458,1752,2746,2373,5517,951,304,155,429,717,151,299,TCTTTCATCGGGAATTGCCCATGCTGGAGGATCCGTTGATTTAGCTATTTTTTCTCTACATTTAGCTGGTATTTCTTCAATTTTAGGAGCTGTAAATTTTATTACAACTGTTATTAATATACGTTCAGAAGGAATTACACTA,Arthropoda,Insecta,Diptera,Chironomidae,,,93.33
9,OTU_9,0,0,46,100,672,0,0,0,58,2,0,0,8083,8664,4695,5707,14,9,TCTCTCTAGCAGTATTGCTCATAGAGGTGCTTCAGTTGATTTAGCAATTTTTTCTTTACATTTAGCAGGAGTTTCATCTATTTTAGGTTCAGTAAATTTTATTACAACAGTTATTAATATACGATCTAACGGTATTACTTTA,Arthropoda,Insecta,Diptera,Chironomidae,,,97.01
10,OTU_10,775,1179,761,604,219,0,695,6341,119,293,1963,330,387,325,631,3968,53,92,ACTTTCCTCTGGAATTGCTCATGCCGGAGCTTCCGTTGATTTAGCAATTTTTTCTTTACACCTAGCGGGTATTTCATCTATTTTAGGGGCTGTAAATTTTATTACAACGGTAATTAATATACGATCTAGTGGAATTACTTTA,Arthropoda,Insecta,Diptera,Chironomidae,,,92.59
11,OTU_11,0,11,82,170,14,0,12153,13711,0,23,58,7,0,0,28,52,0,0,TCTTTCTTCTGGTATTGCTCATGCTGGAGCTTCAGTTGATTTAGCTATTTTTTCATTACATCTGGCAGGAATTTCTTCTATTTTAGGAGCAGTAAATTTTATTACAACTGTAATTAATATACGATCTGAAGGAATTACCCTA,Arthropoda,Insecta,Diptera,Chironomidae,Cricotopus,,97.78
12,OTU_12,1340,2054,9,0,85,54,0,3,2409,2379,8646,1728,300,268,1279,1661,22,0,CTTATCATCTGGAATTGCCCATGCTGGTGCTTCCGTTGATTTAGCAATTTTTTCACTTCACCTAGCAGGAATTTCATCTATTCTAGGGGCTGTAAATTTTATTACTACAATTATTAATATACGATCTAATGGAATTACTTTT,Arthropoda,Insecta,Diptera,Simuliidae,Simulium,arcticum complex,100
13,OTU_13,241,468,0,2,660,0,263,346,2095,2474,396,60,807,601,3158,9783,28,1,TTTATCTTCAAACATTGCTCACGCAGGAGCTTCTGTAGATTTAGCTATTTTTTCACTTCATTTAGCAGGAATCTCTTCAATTTTAGGAGCTGTTAATTTTATTACGACAGTAATTAATATACGATCAGAAGGAATTTCATTA,Arthropoda,Insecta,Diptera,Chironomidae,Thienemanniella,xena,100
14,OTU_14,2,8,0,0,12785,0,17,28,139,124,25,8,536,475,1997,1536,0,1,TCTTTCTTCAGGAATTGCTCATGCAGGTGGATCAGTTGACTTAGCTATTTTTTCCCTTCACCTTGCAGGTATTTCTTCTATTTTAGGGGCAGTAAATTTTATTACAACAGTAGTAAATATACGGTCTAACGGAATTACTCTA,Arthropoda,Insecta,Diptera,Chironomidae,,,94.81
15,OTU_15,108,130,684,759,308,2142,3526,3873,43,1,950,155,1313,832,1061,1613,0,4,TCTATCTCTAAATGTAGCACATGCTGGAGCTTCTGTAGATTTAGCTATTTTCTCTTTACACTTAGCTGGAATTTCTTCAATTTTAGGAGCCGTAAATTTTATTACAACTGTAATTAATATACGATCTGAAGGAATTTCTTTA,Arthropoda,Insecta,Diptera,Chironomidae,,,100
16,OTU_16,61,114,2049,2189,109,3134,29,38,2804,2568,2052,447,911,657,53,81,0,0,ACTATCTTCAGGAATTGCTCATGCTGGAGCTTCAGTAGATTTAGCTATTTTTTCCCTTCATTTAGCAGGAATTTCTAGAATTTTAGGAGCTGTAAATTTTATTACAACTGTAATTAATATACGATCTGAAGGAATTACATTA,Arthropoda,Insecta,Diptera,Chironomidae,Cricotopus,,100
17,OTU_17,53,93,601,604,530,0,3510,3878,70,19,31,2,314,294,1976,2349,1219,1125,GCTTTCTTCAGGAATTGCTCATGCCGGAGCCTCCGTAGACTTAGCTATTTTTTCATTACACTTAGCTGGAATTTCCTCTATTTTAGGGGCTGTAAATTTTATTACAACAATTATTAATATACGATCTAATGGGATTACATTT,Arthropoda,Insecta,Diptera,Simuliidae,Simulium,hunteri,98.52
18,OTU_18,4,0,61,55,8488,3219,270,338,0,0,86,13,2,0,1,2,206,990,CCTTTCTTCAAGAATTGCTCACAGAGGGGCTTCAGTTGATTTAGCAATTTTTTCTCTTCATTTAGCTGGAATTTCTTCTATTTTAGGGTCAGTAAATTTTATTACAACTGCGATTAATATACGATCAAGAGGAATTACTTTA,Arthropoda,Insecta,Diptera,Chironomidae,,,99.26
19,OTU_19,0,0,7743,3621,286,0,4,0,0,0,0,0,19,23,74,173,23,0,TCTCTCTTCTAATATCGCACACAGAGGAAGATCGGTTGATCTAGCCATTTTCTCTTTACATTTAGCTGGTATTTCTTCAATCTTAGGGTCTGTAAATTTTATTACAACTGTAATTAACATACGGTCAAATGGAATTTCATTG,Arthropoda,Insecta,Diptera,Chironomidae,,,97.78
20,OTU_20,17,51,3,1,1740,0,0,0,3752,3402,60,3,1063,779,584,685,86,61,ACTTTCAGCAAGAATTGCCCATAGAGGAGCTTCTGTTGATTTAGCAATTTTTTCTCTTCACTTAGCTGGTATTTCCTCAATTTTAGGATCAGTTAATTTTATTACTACAGCTATTAATATACGAGCAAATGGAATTACTTTA,Arthropoda,Insecta,Diptera,Chironomidae,Tanytarsus,,100
21,OTU_21,345,678,28,49,697,29,2002,2104,56,46,354,30,1728,1274,1086,1224,124,300,CTGTCTTCAAATATTGCACATGCAGGAGCTTCAGTTGATTTAGCTATTTTTTCTTTACACTTAGCAGGTATCTCTTCAATTTTAGGAGCAGTAAATTTTATTACTACAGTTATCAATATACGGTCTGAAGGAATCTCTTTA,Arthropoda,Insecta,Diptera,Chironomidae,Corynoneura,,100
22,OTU_22,94,151,7,46,0,0,342,9617,412,334,738,189,9,8,49,27,0,0,TCTTTCTTCAAACATTGCCCATAGTGGAAGATCTGTAGATTTAGCTATTTTTTCTCTTCATTTAGCTGGTATTTCTTCTATTTTAGGATCAGTAAATTTTATTACTACAGTAATTAATATACGATCAATGGGTATTTCTTTA,Arthropoda,Insecta,Diptera,Chironomidae,,,92.59
23,OTU_23,73,103,5,1,403,1006,336,479,1427,1296,1115,283,647,483,22,18,0,14,ACTATCTTCTGGAATTGCTCATGCTGGAGCTTCTGTTGATTTAGCAATTTTTTCTTTACACTTAGCAGGAATTTCTTCTATTTTAGGGGCTGTAAATTTTATTACTACAGTAATTAATATACGATCAGAAGGAATTACTCTT,Arthropoda,Insecta,Diptera,Chironomidae,Cricotopus,bicinctus grp.,99.26
24,OTU_24,41,0,27,0,89,0,0,0,26,197,13,0,2872,2770,1962,2200,0,0,TCTTTCTGCTAGAATTGCTCATAGAGGAGCTTCTGTTGATTTAGCAATTTTTTCACTTCATTTAGCAGGTATTTCTTCTATTCTAGGTTCAGTAAATTTTATTACTACAGCAATTAATATACGATCCAGAGGTATTACTTTA,Arthropoda,Insecta,Diptera,Chironomidae,,,92.59
25,OTU_25,0,0,9,9,0,0,11,0,13,0,0,0,224,135,541,555,1963,2100,ATTATCTTCAAATATTGCTCATAGAGGAGCCTCTGTAGATTTAGCGATTTTTTCTTTACATTTAGCAGGTGTATCTTCAATTTTAGGGTCAGTAAATTTTATTACTACAGTAATTAATATACGATCTAATGGAATTACTTTA,Arthropoda,Insecta,Diptera,Chironomidae,,,95.56
26,OTU_26,7,0,3460,3256,84,0,0,0,14,1,0,0,180,134,1227,1477,0,0,ACTATCTTCTAATATTGCTCACAGAGGTGCTTCAGTTGATTTAGCAATTTTTTCACTTCACTTAGCTGGAATTTCATCAATTTTAGGTTCTGTAAATTTTATTACTACAGCAATTAACATACGAAGTAATGGAATCACCTTA,Arthropoda,Insecta,Diptera,Chironomidae,,,93.33
27,OTU_27,8,31,0,0,0,0,3894,3433,3,1,1683,427,0,0,227,417,0,27,ATTATCTTCAGGGATTGCTCATGCAGGGGGATCTGTTGACTTAGCTATTTTTTCTTTACATTTAGCAGGAATTTCTTCAATTTTAGGAGCTGTAAATTTTATTACAACAGTAATTAATATACGTTCAGATGGAATTACTTTA,Arthropoda,Insecta,Diptera,Chironomidae,,,94.81
28,OTU_28,0,0,0,0,0,0,0,0,0,0,0,0,0,0,5,10,4642,4902,ACTATCCGCAGGTATCGCCCATGCTGGAGCCTCTGTAGATCTAGCCATCTTTTCCTTACACTTAGCAGGTATCTCCTCAATTTTAGGTGCTGTTAATTTTATCACTACTACTATTAATATACGAGCTAGTGGGATAACTATA,Arthropoda,Insecta,Ephemeroptera,,,,87.41
29,OTU_29,0,0,0,0,0,0,8931,101,0,0,0,0,0,0,0,0,0,0,TTTATCTTCAGGTATTGCCCATGCTGGTGCTTCAGTAGATCTAGCTATTTTTTCTTTACATTTAGCAGGAATTTCTTCAATTTTAGGAGCTGTAAATTTTATTACTACTGTAATTAATATGCGATCAAATGGAATCACACTA,Arthropoda,Insecta,Diptera,Chironomidae,Orthocladius,,98.52
30,OTU_30,79,126,3187,3683,3,0,651,631,5,4,271,69,48,34,181,226,126,139,CCTTTCTTCAGGAATTGCCCATGCTGGGGCTTCTGTCGATTTAGCTATTTTTTCTCTTCATTTAGCCGGAATCTCTTCTATTTTAGGAGCTGTAAATTTCATTACAACTATTATTAACATGCGATCAAATGGAATTACATTT,Arthropoda,Insecta,Diptera,Simuliidae,Simulium,virgatum s.l.,100
31,OTU_31,479,920,18,11,59,0,27,15,3744,2796,424,152,54,62,37,36,119,16,CCTTTCTGCGGCTATTGCCCATAGAGGTGCTTCTGTTGATTTAGCTATTTTTTCTCTTCATTTAGCAGGTGTTTCTTCTATTTTAGGATCTGTAAATTTTATTACTACAGTTATTAACATACGAGCTAATGGAATTACATTA,Arthropoda,Insecta,Diptera,Chironomidae,Chironomus,,100
32,OTU_32,17,25,43,35,794,0,61,42,117,48,7,0,2498,2144,1568,1192,49,68,TTTATCTTCTGGAATTGCTCATGCTGGGGGTTCTGTAGATTTAGCTATTTTTTCTTTACATTTAGCAGGTATTTCTTCTATTTTAGGAGCTGTAAATTTTATTACAACAGTAATTAATATACGTTCAAATGGTATTACATTA,Arthropoda,Insecta,Diptera,Chironomidae,,,97.04
33,OTU_33,2,4,0,2,7886,0,2,0,121,169,0,0,194,135,18,8,0,0,CCTATCTTCAGGTATTGCTCATGCTGGAGCTTCTGTTGATTTAGCAATTTTTTCTCTTCATTTAGCAGGAATTTCTTCTATTCTTGGAGCTGTAAATTTTATCACAACAGTAATTAATATACGTTCTAATGGAATTACATTA,Arthropoda,Insecta,Diptera,Chironomidae,Orthocladius,,100
34,OTU_34,424,686,56,41,1709,11,622,780,783,579,2033,453,313,253,74,86,24,0,TCTTTCTTCAGGAATTGCTCATACGGGGGGTTCTGTAGATTTAGCTATTTTCTCTTTACATTTAGCAGGTATTTCTTCGATTTTAGGAGCAGTAAATTTTATTACTACTGTAATTAATATACGATCTAACGGAATTACATTA,Arthropoda,Insecta,Diptera,Chironomidae,Rheocricotopus,,97.04
35,OTU_35,14,23,66,74,987,0,0,0,14,27,615,115,2372,2072,779,1073,15,0,TTTAGCATCTGGAATTGCCCATGCTGGAGCATCAGTAGATTTAGCTATTTTTTCCCTACATCTTGCAGGAATTTCATCTATTCTAGGGGCAGTAAACTTTATTACAACAGTAATTAATATACGGTCAAGAGGAATTACCCTA,Arthropoda,Insecta,Diptera,Chironomidae,,,100
36,OTU_36,0,0,0,0,0,0,0,3,0,0,0,0,2,4,3,1,4381,3962,TCTTTCTGCAGGAATTGCCCATGCTGGCTCATCAGTTGATATGGCGATTTTTTCTTTACATCTAGCAGGTGTCTCTTCAATTTTAGGGGCCGTAAATTTTATTACGACCGTAATTAATATACGATCAAGAGGAATAACATTA,Arthropoda,Insecta,Plecoptera,Capniidae,Capnura,wanica,99.26
37,OTU_37,249,261,809,540,1702,0,0,0,1081,332,285,28,491,544,634,852,28,0,ACTAGCATCAGGAATTGCCCACGCAGGGGCAGCCGTAGATTTAGCTATTTTTAGTCTTCATCTTGCCGGAGTATCTTCCATTTTAGGAGCTGTAAATTTTATTACTACAGTAATTAATATACGATCTCCAGGTATAACTTTC,Arthropoda,Insecta,Megaloptera,Corydalidae,Corydalus,luteus,100
38,OTU_38,0,0,0,0,3780,0,0,0,133,50,0,0,1638,1400,299,359,55,55,GCTATCTTCAGGAATTGCTCATGCTGGGGCTTCAGTAGATTTAGCCATTTTTTCCCTTCATTTAGCGGGGATTTCTAGAATTTTAGGAGCTGTAAATTTTATTACAACTGTAATTAATATACGATCTGAAGGAATTACATTA,Arthropoda,Insecta,Diptera,Chironomidae,Cricotopus,,97.78
39,OTU_39,20,15,36,76,663,85,2,21,291,113,247,27,1106,842,941,434,814,631,TCTATCTTCTGGAATTGCTCATGCAGGAGCTTCAGTAGATTTAGCTATTTTTTCTTTGCATTTAGCAGGGATTTCCTCTATTTTAGGAGCTGTAAATTTTATTACAACAGTTATTAATATACGATCTAATGGTATTACTTTA,Arthropoda,Insecta,Diptera,Chironomidae,Cricotopus,,100
40,OTU_40,0,0,0,0,0,0,0,0,0,0,0,0,0,0,0,0,2675,2989,CCTTTCTTCAGGAATTGCTCATGCTGGAGCTTCAGTTGATTTAGCAATCTTTTCTTTACATTTAGCAGGAATTTCTTCTATTTTAGGGGCTGTAAATTTTATTACCACAGTAATTAATATACGATCTAATGGAATTACTCTA,Arthropoda,Insecta,Diptera,Anisopodidae,Sylvicola,,95.56
41,OTU_41,0,0,90,23,707,0,0,0,3,35,0,0,1198,636,406,438,753,1179,CCTATCTGCTGGTATTGCTCATACTGGTGCTTCAGTAGATTTAGCTATTTTTTCTCTTCATTTAGCTGGAATTTCTTCAATTTTAGGAGCAGTAAATTTTATTACAACAGTAATTAATATACGATCTAGAGGAATTACTTTA,Arthropoda,Insecta,Diptera,Tipulidae,,,100
42,OTU_42,171,298,136,122,183,0,532,828,395,662,199,24,104,101,84,64,72,0,ACTCTCATCAGGTATTGCCCATGCTGGTGCATCAGTAGATTTAGCTATTTTTTCTCTTCACCTTGCAGGAATTTCTTCAATTTTAGGAGCTGTAAATTTTATTACAACAATTATTAATATACGATCTAATGGGATCACATTT,Arthropoda,Insecta,Diptera,Simuliidae,Simulium,bracteatum,100
43,OTU_43,34,34,0,0,71,67,71,87,514,541,179,2820,3,21,136,65,533,90,TCTATCTTCAGGAATTGCTCATGCCGGAGCATCTGTTGATTTAGCTATTTTTTCTTTACATTTAGCAGGAATTTCTTCTATTTTAGGAGCTGTTAATTTTATTACTACAGTTATCAATATACGTTCAAACGGTATTACATTA,Arthropoda,Insecta,Diptera,Chironomidae,Orthocladius,,100
44,OTU_44,0,0,4,0,3,0,0,11,1,0,0,0,5,8,499,607,2196,1737,GCTTTCTTCAGGAATTGCCCATGCTGGAGCCTCAGTAGACTTAGCTATTTTTTCATTACACTTAGCTGGGATTTCATCTATTTTAGGGGCCGTAAATTTTATTACAACAATTATTAATATACGATCTAATGGAATCACATTT,Arthropoda,Insecta,Diptera,Simuliidae,Simulium,iriartei,100
45,OTU_45,0,0,0,0,0,0,0,0,0,0,0,0,0,0,0,0,2100,2504,TTTATCTTCAGGAATTGCTCACGCTGGTGCTTCAGTTGATCTAGCTATTTTTTCTTTACATTTAGCAGGGATTTCCTCTATTTTAGGGGCTGTTAATTTTATTACTACAGTTATTAATATACGTTCAAATGGTATTACTTTA,Arthropoda,Insecta,Diptera,Chironomidae,Orthocladius,telochaetus,99.26
46,OTU_46,338,211,35,75,806,0,291,420,12,1,225,54,181,197,883,759,0,14,TCTGTCTTCAAATATTGCACATGCAGGAGCTTCAGTTGATTTAGCTATTTTTTCTCTTCATTTAGCAGGTATTTCTTCAATTTTAGGAGCAGTAAATTTTATTACTACAGTAATTAATATACGATCAGAAGGAATTTCTTTA,Arthropoda,Insecta,Diptera,Chironomidae,,,97.78
47,OTU_47,11,77,74,54,3,520,25,113,280,43,804,40,4,0,25,23,241,327,ATTATCATCTGGAATTGCTCACGCTGGAGCTTCAGTTGATTTAGCCATTTTTTCCTTACATTTAGCTGGAATTTCTTCTATTTTAGGAGCAGTAAATTTTATTACAACTGTAATTAATATACGATCTGAAGGAATTACCTTA,Arthropoda,Insecta,Diptera,Chironomidae,Cricotopus,,99.26
48,OTU_48,0,16,33,0,14,0,0,0,19,58,26,2,112,183,1512,2069,0,0,CCTTTCTTCAGGAATTGCTCACGCAGGGGCATCAGTTGATCTAGCTATTTTTTCTTTACATCTAGCAGGAATCTCAAGAATTCTAGGAGCTGTAAATTTTATTACTACAGTAATTAATATACGATCAGAAGGAATTACCTTA,Arthropoda,Insecta,Diptera,Chironomidae,,,92.59
49,OTU_49,234,378,1535,1908,183,149,14,23,2514,2586,3581,731,1125,795,777,875,37,74,CCTTTCTTCTGGAATTGCTCATGCTGGTGCTTCAGTTGATTTAGCTATTTTTTCTCTCCATTTAGCTGGAATTTCTTCAATTTTAGGGGCGGTAAATTTTATTACCACAGTAATCAATATACGGTCAGAAGGAATTACTTTA,Arthropoda,Insecta,Diptera,Chironomidae,Eukiefferiella,,99.26
50,OTU_50,0,6,0,0,0,0,0,0,6,0,79,13,1831,1390,254,440,0,0,CCTATCTTCAAGAATTGCCCATAGTGGGGCTTCTGTTGACTTAGCAATTTTTTCTCTTCATTTAGCCGGAATTTCCTCAATTCTTGGTTCTGTAAATTTTATTACCACAGCAATTAATATACGGTCAAGCGGAATTACCCTT,Arthropoda,Insecta,Diptera,Chironomidae,,,90.37
51,OTU_51,20,12,1201,1217,0,0,0,0,0,3,837,167,0,1,14,25,0,0,TCTTTCTTCTAATATTGCTCATGCAGGTGCCTCAGTAGATTTAGCTATTTTTTCTCTTCATTTAGCTGGTATTTCTTCAATTTTAGGAGCTGTAAATTTTATTACAACTATCATTAATATACGATCGAAGGGAATTACTTTA,Arthropoda,Insecta,Diptera,Mesembrinellidae,,,91.85
52,OTU_52,13,78,31,76,4,0,0,0,170,54,0,0,347,243,995,1165,297,161,TCTTTCCTCAGGTATTGCTCATGCCGGAGCTTCTGTAGATTTAGCTATTTTTTCTTTACATTTAGCTGGAATTTCCTCAATTTTAGGAGCTGTAAATTTTATTACCACTGTAATTAATATACGTTCAGAAGGAATTACATTA,Arthropoda,Insecta,Diptera,Chironomidae,,,94.81
53,OTU_53,0,3443,0,0,0,0,0,0,0,0,0,0,0,0,0,0,35,22,CTTATCTTCTAATATTGCCCATGGTGGAGCTTCTGTTGATTTAGCAATTTTTTCTTTGCATTTAGCAGGAATTTCATCAATTTTAGGAGCCGTAAACTTTATTACAACTGTAATTAATATACGATCTACAGGAATTACCTTT,Arthropoda,Insecta,Diptera,Anthomyiidae,Delia,platura,100
54,OTU_54,5,8,292,192,11,2569,0,0,67,0,33,5,10,9,53,54,44,28,ACTCTCAGCCAATGTGGCTCATAGAGGCTCTTCAGTTGACCTAGCTATTTTCAGCCTCCATTTAGCAGGTATCTCTTCAATTCTAGGAGCAGTAAATTTTATTACAACAGTGATCAACATACGATCTCCAGGAATAACCTTT,Arthropoda,Insecta,Coleoptera,,,,88.89
55,OTU_55,0,6,76,51,343,0,0,0,110,144,1,2,817,672,317,455,0,1,TTTATCAGCAAATATTGCCCATAGAGGTGCTTCTGTAGATCTAGCAATCTTTTCCCTTCATTTAGCGGGAATTTCATCTATTTTAGGATCAGTAAATTTTATTACTACTGCAATCAATATACGAGCCAATGGTATTACATTA,Arthropoda,Insecta,Diptera,Chironomidae,Tanytarsus,,100
56,OTU_56,52,76,23,42,66,0,0,10,46,73,87,19,13,7,12,5,1384,1319,ATTGTCTTCTGTTCCAGCCCATGCAGGACCTTCTGTGGATTTAGCTATTTTTAGTCTACATCTTGCAGGAGCAGCATCTTTGATGGGAGCAATTAATTTTATTTGTACTATTTTAAATATGCGTAGTCCGGGATTACGTATG,Rhodophyta,Florideophyceae,,,,,82.54
57,OTU_57,0,6,182,179,1168,0,277,357,16,9,41,7,271,277,9,2,0,0,GCTTTCTTCTAATATTGCCCATGCCGGAGCATCTGTAGATTTAGCAATTTTTTCTTTACATTTAGCAGGAATTTCTTCTATTTTAGGAGCTGTAAATTTTATTACAACTGTAATTAATATACGGTCAGAAGGAATTTCTTTA,Arthropoda,Insecta,Diptera,Chironomidae,,,97.04
58,OTU_58,2,12,935,1023,22,0,576,635,0,0,76,4,22,25,10,36,3,0,CCTTTCATCTAATATCGCTCATGCGGGAGCTTCAGTAGATTTAGCTATTTTTTCACTTCACTTAGCGGGTATTTCTTCTATTTTAGGGGCTGTTAATTTCATTACAACTGTAATTAATATACGCTCTGAAGGAATTACATTA,Arthropoda,Insecta,Diptera,Chironomidae,,,100
59,OTU_59,0,0,0,0,0,0,0,0,0,0,0,0,840,759,22,8,666,755,TCTATCTTCAGGTATTGCCCACGCAGGGGGATCTGTTGATTTAGCTATTTTTTCTTTACATTTAGCAGGAGTATCCTCTATTTTAGGGGCAGTAAACTTTATTACAACCGTAATTAATATGCGTTCTAATGGAATTACTTTA,Arthropoda,Insecta,Diptera,Chironomidae,,,92.59
60,OTU_60,0,0,0,0,0,0,0,0,0,0,0,0,0,0,0,0,1337,1512,TCTTTCTTCAGGAATTGCTCATGCGGGAGCATCAGTTGATTTAGCTATTTTTTCTTTACATTTGGCCGGAATTTCTTCTATTTTAGGAGCGGTAAATTTTATTACAACGGTAATTAATATACGTTCAAGTGGGATTACACTA,Arthropoda,,,,,,97.04
61,OTU_61,15,9,0,1,84,45,558,747,78,35,67,14,519,460,27,45,0,0,TCTTTCGTCTAATATTGCACACGGGGGAGCTTCAGTTGATCTGGCAATTTTTTCTCTCCATTTAGCTGGAATTTCTTCTATTTTAGGTTCAGTTAATTTTATTACTACAGCAATTAACATACGAGCTAATGGAATTACTTTA,Arthropoda,Insecta,Diptera,Chironomidae,,,100
62,OTU_62,141,168,0,1,244,0,46,63,842,588,309,47,36,24,7,5,3,1,TCTTTCTTCAGGAATTGCGCATGCCGGAGCATCTGTTGATTTAGCAATTTTTTCATTACACTTAGCAGGTATTTCTTCAATTTTAGGAGCTGTAAATTTTATTACAACGGTAATTAATATACGATCTAGAGGAATTACATTA,Arthropoda,Insecta,Diptera,Chironomidae,Parakiefferiella,,100
63,OTU_63,111,345,2,0,8,0,994,20,139,185,214,19,130,92,155,179,0,0,TCTGTCAGCAGGTATTGCCCATGCGGGATCATCAGTTGATATGGCTATTTTTTCCTTACATCTAGCCGGGGTTTCATCTATTTTAGGGGCTGTAAATTTTATTACAACAGTTATTAATATACGATCTAGAGGAATAACATTA,Arthropoda,Insecta,Plecoptera,Capniidae,Mesocapnia,frisoni,100
64,OTU_64,2,0,0,0,0,0,0,0,1,0,2335,7,0,0,0,0,0,0,TCTAAGAATAAATGTTTCTCATTCTGGGGCGTCTGTAGATTTAGCTATTTTTTCTCTTCATTTAGCAGGAATCTCTTCATTATTGGGGGCCGTTAATTTTATTTCCACTATTGGAAATTTGCGAATTTATGGAATTTATTTT,Arthropoda,Insecta,Lepidoptera,,,,89.33
65,OTU_65,1,3,0,0,70,0,4,8,31,25,2,10,171,171,1332,508,2,1,TCTTTCTTCAGGAATTGCTCATGCAGGGGGATCAGTTGACTTAGCTATTTTTTCCCTTCACCTTGCGGGTATTTCTTCTATTTTAGGGGCAGTAAATTTTATCACAACAGTAGTAAACATACGGTCTAACGGAATTACCCTA,Arthropoda,Insecta,Diptera,Chironomidae,,,94.07
66,OTU_66,731,990,0,0,0,0,0,0,0,0,473,93,0,12,9,11,0,0,TCTTTCTTCTAATATTGCCCATAGAGGGGGATCTGTAGATTTAGCAATTTTTTCTTTACATTTAGCAGGAATTTCATCAATTTTAGGATCTGTAAATTTTATTACAACTGTAATTAATATACGATCAAATGGTATTACTCTA,Arthropoda,Insecta,Diptera,Chironomidae,,,100
67,OTU_67,0,0,5,0,43,343,0,0,0,0,0,0,4,12,4,4,989,795,ACTAGCATCAGGAATTGCTCACGCAGGAGCAGCCGTAGATTTGGCTATTTTTAGCCTTCATCTTGCCGGGGTATCCTCAATTTTAGGAGCTGTAAATTTTATTACTACAGTAATTAATATACGATCCCCAGGTATAACTTTT,Arthropoda,Insecta,Megaloptera,Corydalidae,,,94.07
68,OTU_68,0,0,0,0,0,0,0,0,0,0,0,0,0,0,0,0,1128,1080,ACTGTCTAGAAACTTAGCCCATGCTGGAAGATCAGTTGATATCTCAATTTTTTCGCTTCATTTAGCCGGAATTTCATCTATTTTAGGGGCTATTAATTTTATTTCTACCACATTAAATATACGAAATAATTTAATAACACTA,Arthropoda,Insecta,Trichoptera,Limnephilidae,Limnephilus,lithus,99.26
69,OTU_69,0,0,0,0,0,0,0,0,4,0,0,0,670,649,185,606,0,0,TTTATCTTCAGGAATTGCTCACACAGGAGCTTCTGTTGATTTAGCAATTTTTTCCTTACATTTAGCCGGAATTTCCTCAATTTTAGGAGCTGTAAATTTTATTACAACTGTTATTAATATACGATCAGCAGGAATTACATTT,Arthropoda,Insecta,Diptera,Limoniidae,Antocha,,97.04
70,OTU_70,0,0,956,991,0,0,1,11,9,0,5,9,18,8,64,119,0,16,CCTATCGTCAGGAATCGCCCATGCTGGGGGTTCAGTAGATTTAGCTATTTTTTCCCTTCATTTAGCCGGTATTTCTTCTATTTTAGGAGCAGTAAATTTCATTACAACTGTTATTAACATGCGATCAGAAGGAATTTCATTA,Arthropoda,Insecta,Diptera,Chironomidae,Cardiocladius,,95.56
71,OTU_71,33,42,4,2,393,2,42,62,344,292,26,1,337,278,34,43,129,130,CCTATCTTCAAGAATTGCTCATAGAGGGGCATCAGTTGATTTAGCTATTTTTTCCCTTCATCTTGCAGGAATTTCTTCAATTTTAGGATCTGTAAATTTTATTACAACTGCAATTAATATACGATCAAATGGGATTACATTA,Arthropoda,Insecta,Diptera,Chironomidae,Micropsectra,polita,100
72,OTU_72,0,12,1,1,1795,0,57,72,29,10,0,0,12,1,6,2,15,7,ATTGAGCTCCGTGCCTGCACACACAGGTGCTGCTGTTGATCTTGCAATTTTTAGTTTGCATATCGCCGGTGCGTCCTCAATTGCCGGTGCTATTAACTTTATTGTAACCATTATGAATATGCGGTCACCTGGCATGACTTAC,Rhodophyta,Florideophyceae,,,,,81.63
73,OTU_73,0,0,0,0,0,0,0,0,23,1,0,0,743,571,1762,1961,114,40,ATTATCTTCAAATATTGCTCATAGAGGGGCATCTGTAGATTTAGCAATTTTTTCTTTACATTTAGCAGGTGTATCTTCAATTTTAGGATCAGTAAATTTTATTACTACAGTAATTAATATACGATCTAATGGGATTACTTTA,Arthropoda,Insecta,Diptera,Chironomidae,,,95.45
74,OTU_74,0,0,55,58,425,0,210,262,0,2,9,1,405,297,76,90,16,5,TTTATCTTCTAACATCGCTCACAGAGGAGCCTCAGTTGATTTAGCAATTTTCTCACTGCACCTAGCAGGTATCTCTTCTATCTTGGGATCAGTAAATTTTATTACAACATCTATTAATATACGTGCTAATGGAATTACCTTA,Arthropoda,Insecta,Diptera,Chironomidae,Tanytarsus,,95.56
75,OTU_75,4,5,1,0,0,0,0,0,11,0,0,0,0,2,1,0,1086,787,ATTATCAGCAGGCTTATCTCATTCAGGACCTAGCGTTGACATGGCTATATTTAGTTTACATATAGCTGGTTTATCTTCTTTATTTGGTGCAATAAACTTTATTACTACGATAATAAACATGCGTGTACCACTAATGCATTGG,Arthropoda,Insecta,,,,,75.97
76,OTU_76,0,0,0,3,0,0,1032,853,0,0,0,0,0,0,0,0,0,0,TCTTTCTTCAGGTATTGCTCATGCCGGAGCATCTGTAGATTTAGCAATTTTCTCATTACATCTAGCAGGAATTTCTTCTATTTTAGGAGCTGTAAATTTTATTACAACTGTAATTAATATACGATCAGAAGGTATTACTTTA,Arthropoda,Insecta,Diptera,Chironomidae,Cricotopus,,97.04
77,OTU_77,0,0,0,0,0,0,0,0,0,0,0,0,0,0,0,0,1823,50,CCTTTCTTCTAGTATTGCTCACAGAGGAGCATCTGTAGACTTAGCCATTTTCTCTCTTCATTTAGCCGGAGTTTCCTCTATTTTGGGGTCGGTAAATTTTATTACAACTGTAATTAATATACGATCTAATGGAATTACCCTT,Arthropoda,Insecta,Diptera,Chironomidae,,,97.78
78,OTU_78,1,10,246,262,181,0,219,218,3,0,0,0,191,187,232,305,0,0,TCTATCTTCAGGAATTGCACATGCAGGAGCCTCAGTTGATTTAGCTATTTTTTCTCTTCATTTAGCTGGAATTTCCTCAATTTTAGGAGCAGTAAATTTTATTACTACTGTAATTAATATACGGTCCGCAGGAATTACTTTA,Arthropoda,Insecta,Diptera,Chironomidae,,,100
79,OTU_79,0,0,0,0,0,0,0,0,6,0,0,0,23,20,691,1053,0,0,TTTATCTTCAGGTATTGCTCATGCTGGAGCTTCCGTAGATTTAGCAATTTTTTCTTTACATTTAGCAGGAATTTCCTCTATTTTAGGGGCTGTAAATTTTATTACAACTGTAATTAATATACGTTCAGAAGGTATTACTTTA,Arthropoda,Insecta,Diptera,Chironomidae,,,95.56
80,OTU_80,0,0,1,5,261,0,6,8,6,3,5,2,654,454,223,212,0,0,TCTATCTTCAGGAATTGCTCATGCCGGCGCATCTGTAGATCTAGCTATTTTTTCCCTTCATTTAGCAGGGATTTCTTCAATTCTTGGAGCAGTAAATTTTATTACTACAGTAATTAATATACGATCAGAAGGGATTACTTTA,Arthropoda,Insecta,Diptera,Chironomidae,Cricotopus,,99.26
81,OTU_81,4,8,0,0,0,0,0,0,824,790,43,3,0,0,0,0,0,0,GCTGGCGGCTAATATTGCTCATGGAGGTTCATCTGTTGACTTCGCTATTTTTTCTTTACATTTAGCTGGGGTGTCTTCTATTTTAGGAGCTGTTAATTTTATCACAACTGTAATCAATATGCGGAGACCAGGTATAAGTCTA,Arthropoda,Insecta,Ephemeroptera,Baetidae,,,90.15
82,OTU_82,113,98,0,0,1,0,0,0,203,207,765,183,0,0,2,4,0,0,TTTATCAGCCAACGTAGCTCATAGAGGTTCCTCAGTTGATCTAGCCATTTTCAGCCTTCATTTAGCAGGAATCTCCTCAATTCTAGGCGCAGTAAACTTTATTACAACAGTAATCAATATACGATCTCCGGGAATATCTTTT,Arthropoda,Insecta,Coleoptera,,,,88.89
83,OTU_83,0,0,0,0,0,0,0,0,10,1,0,0,68,22,730,732,26,5,ACTATCATCAAGAATTGCTCATAGAGGAGCTTCTGTTGATTTAGCTATTTTTTCTTTACATTTAGCTGGAATTTCTTCTATTTTAGGGTCTGTAAATTTTATTACTACTGCCATTAATATACGATCTAGAGGAATTACTCTT,Arthropoda,Insecta,Diptera,Chironomidae,,,94.81
84,OTU_84,0,0,0,0,0,0,0,0,0,0,0,0,0,0,0,0,756,865,ACTCTCTTCAAATATTGCTCATAGAGGGGCCTCTGTTGATTTAGCTATTTTTTCTCTTCACTTAGCAGGAATTTCATCTATTTTAGGATCAGTAAATTTTATTACTACTGCAATTAATATACGAGCTAACGGAATTACCTTA,Arthropoda,Insecta,Diptera,Chironomidae,,,99.26
85,OTU_85,0,0,0,0,0,0,0,0,0,0,0,0,0,0,0,0,1010,626,TCTCTCCTCAGGAATTGCACATGCTGGGGCTTCTGTAGATTTAGCAATTTTTTCCCTTCATCTAGCCGGAATTTCATCAATTTTGGGGGCTGTAAATTTTATTACAACCATTATTAACATACGATCAAACGGGATTACTTTT,Arthropoda,Insecta,Diptera,Simuliidae,,,92.59
86,OTU_86,127,136,445,496,138,0,38,54,5,71,12,7,3,3,2,6,3,0,TTTATCAGATATTTCAAGTCATTCTAGTGTTGCTGTTGATTTAGCAATTTTTAGTTTACATTTAGCTGGTATTTCTTCATTATTAGGTGCTATAAATTTTATTACAACAATTGTAAATATGCAAATAAAAAGTTTTGACTGG,Rhodophyta,Florideophyceae,,,,,82.93
87,OTU_87,7,9,815,73,63,0,0,0,15,3,12,2,60,39,250,86,10,22,TCTATCTTCAGGAATTGCTCATGCCGGAGCTTCAGTTGATCTAGCAATTTTTTCTCTTCATTTAGCTGGAATTTCTTCTATTTTAGGAGCAGTAAATTTTATTACAACAGTTATTAATATACGTTCAAATGGAATTACATTA,Arthropoda,Insecta,Diptera,Chironomidae,Orthocladius,carlatus,100
88,OTU_88,0,0,425,379,70,0,2,2,0,1,0,0,9,4,6,16,244,258,TCTTTCAAGAAACATCTCCCATGCAGGTGCAAGAGTTGATTTAACAATCTTCTCTCTTCATTTAGCTGGAGTCTCCTCAATTTTAGGAGCAATCAATTTTATTACTACTATTATTAATATACGAGCTGCAAAAATATCTCTA,Arthropoda,Ostracoda,Podocopida,Cyprididae,,,91.06
89,OTU_89,59,148,0,0,0,0,0,0,264,356,417,92,0,0,0,0,0,0,ATTAGCATCAGGAATTGCCCATGCAGGGGCAGCAGTAGATTTAGCTATTTTTAGTCTACATCTTGCTGGGGTATCCTCAATTTTAGGGGCTGTAAATTTTATTACTACAGTAATTAATATACGATCCCCAGGAATAACTTTT,Arthropoda,Insecta,Megaloptera,Corydalidae,Corydalus,texanus,100
90,OTU_90,0,0,11,2,0,0,510,537,76,71,0,0,40,29,23,44,10,0,TTTATCCTCTGGAATTGCTCATGCTGGAGCTTCTGTTGATTTAGCTATTTTTTCATTACATTTAGCAGGTATCTCATCAATTTTAGGGGCAGTTAATTTTATTACTACAGTAATTAATATGCGATCTAATGGAATTACACTT,Arthropoda,Insecta,Diptera,Chironomidae,Cricotopus,,95