#,Sample,Project,River,Site,River Mile,Date,Latitude,Longitude,5' Illumina Tag,I5 Tag Sequence,3' Illumina Tag,I7 Tag Sequence
89,- Control,,,,,,,,I5_8,TCGATCCA,I7_8,TCGATCCA
87,+ Control,,,,,,,,I5_95,GATATCGA,I7_95,GATATCGA
92,BA_1,Grand Canyon,Bright Angel Creek,Bright Angel,88.1,4/13/21,36.100305,-112.091992,I5_5,CAGTGGAT,I7_5,CAGTGGAT
61,BA_2,Grand Canyon,Bright Angel Creek,Bright Angel,88.1,4/13/21,36.100305,-112.091992,I5_69,CCTGTGGC,I7_69,CCTGTGGC
94,BOU_1,Grand Canyon,Boucher Creek,Boucher,97.1,4/14/21,36.115372,-112.231348,I5_7,CTAGCTTG,I7_7,CTAGCTTG
80,BOU_2,Grand Canyon,Boucher Creek,Boucher,97.1,4/14/21,36.115372,-112.231348,I5_88,CCAACAGA,I7_88,CCAACAGA
11,CHILDS_1,Wilderness Canyons,Verde River,Childs Rapid,,3/27/21,34.34665,-111.69699,I5_19,ACTTACAT,I7_19,ACTTACAT
12,CHILDS_2,Wilderness Canyons,Verde River,Childs Rapid,,3/27/21,34.34665,-111.69699,I5_20,GTCCGTGC,I7_20,GTCCGTGC
59,CLR_1,Grand Canyon,Clear Creek,Clear Creek,84.7,4/13/21,36.082435,-112.035736,I5_67,AACAGGAA,I7_67,AACAGGAA
60,CLR_2,Grand Canyon,Clear Creek,Clear Creek,84.7,4/13/21,36.082435,-112.035736,I5_68,GGTGAAGG,I7_68,GGTGAAGG
86,COL_1,Grand Canyon,Columbine Falls,Columbine,274.9,4/20/21,36.095631,-113.921228,I5_94,CGCAGACG,I7_94,CGCAGACG
81,COL_2,Grand Canyon,Columbine Falls,Columbine,274.9,4/20/21,36.095631,-113.921228,I5_89,GTGCGATA,I7_89,GTGCGATA
31,CR.109_1,Grand Canyon,Colorado River,RM 109.2,109.2,4/15/21,36.237012,-112.348043,I5_39,ACCACTTA,I7_39,ACCACTTA
32,CR.109_2,Grand Canyon,Colorado River,RM 109.2,109.2,4/15/21,36.237012,-112.348043,I5_40,GTTGTCCG,I7_40,GTTGTCCG
33,CR.134_1,Grand Canyon,Colorado River,RM 134.7,134.7,4/15/21,36.370540,-112.468861,I5_41,ATCCATAT,I7_41,ATCCATAT
34,CR.134_2,Grand Canyon,Colorado River,RM 134.7,134.7,4/15/21,36.370540,-112.468861,I5_42,GCTTGCGC,I7_42,GCTTGCGC
35,CR.143_1,Grand Canyon,Colorado River,RM 143.9,143.9,4/15/21,36.391506,-112.629231,I5_43,AGTATCTT,I7_43,AGTATCTT
36,CR.143_2,Grand Canyon,Colorado River,RM 143.9,143.9,4/15/21,36.391506,-112.629231,I5_44,GACGCTCC,I7_44,GACGCTCC
37,CR.148_1,Grand Canyon,Colorado River,RM 148.4,148.4,4/16/21,36.343699,-112.674443,I5_45,CATGCCAT,I7_45,CATGCCAT
38,CR.148_2,Grand Canyon,Colorado River,RM 148.4,148.4,4/16/21,36.343699,-112.674443,I5_46,TGCATTGC,I7_46,TGCATTGC
39,CR.157_1,Grand Canyon,Colorado River,RM 157.1,157.1,4/16/21,36.308890,-112.762966,I5_47,ATTGGAAC,I7_47,ATTGGAAC
40,CR.157_2,Grand Canyon,Colorado River,RM 157.1,157.1,4/16/21,36.308890,-112.762966,I5_48,GCCAAGGT,I7_48,GCCAAGGT
41,CR.180_1,Grand Canyon,Colorado River,RM 179.9,179.9,4/17/21,36.196154,-113.086461,I5_49,CGAGATAT,I7_49,CGAGATAT
42,CR.180_2,Grand Canyon,Colorado River,RM 179.9,179.9,4/17/21,36.196154,-113.086461,I5_50,TAGAGCGC,I7_50,TAGAGCGC
43,CR.204_1,Grand Canyon,Colorado River,RM 204.6,204.6,4/17/21,36.019364,-113.350139,I5_51,AACCTGTT,I7_51,AACCTGTT
44,CR.204_2,Grand Canyon,Colorado River,RM 204.6,204.6,4/17/21,36.019364,-113.350139,I5_52,GGTTCACC,I7_52,GGTTCACC
45,CR.216_1,Grand Canyon,Colorado River,RM 216.0,216,4/18/21,,,I5_53,CATTGTTG,I7_53,CATTGTTG
46,CR.216_2,Grand Canyon,Colorado River,RM 216.0,216,4/18/21,,,I5_54,TGCCACCA,I7_54,TGCCACCA
47,CR.226_1,Grand Canyon,Colorado River,RM 225.9,225.9,4/19/21,35.766888,-113.372191,I5_55,CTCTGCCT,I7_55,CTCTGCCT
48,CR.226_2,Grand Canyon,Colorado River,RM 225.9,225.9,4/19/21,35.766888,-113.372191,I5_56,TCTCATTC,I7_56,TCTCATTC
49,CR.229_1,Grand Canyon,Colorado River,RM 229.3,229.3,4/19/21,35.751104,-113.424109,I5_57,ACGCCGCA,I7_57,ACGCCGCA
50,CR.229_2,Grand Canyon,Colorado River,RM 229.3,229.3,4/19/21,35.751104,-113.424109,I5_58,GTATTATG,I7_58,GTATTATG
51,CR.246_1,Grand Canyon,Colorado River,RM 246.2,246.2,4/19/21,35.823433,-113.64673,I5_59,GATAGATC,I7_59,GATAGATC
52,CR.246_2,Grand Canyon,Colorado River,RM 246.2,246.2,4/19/21,35.823433,-113.64673,I5_60,AGCGAGCT,I7_60,AGCGAGCT
53,CR.275_1,Grand Canyon,Colorado River,RM 274.9,274.9,4/20/21,36.095858,-113.920815,I5_61,CAGTTCCG,I7_61,CAGTTCCG
54,CR.275_2,Grand Canyon,Colorado River,RM 274.9,274.9,4/20/21,36.095858,-113.920815,I5_62,TGACCTTA,I7_62,TGACCTTA
23,CR.52_1,Grand Canyon,Colorado River,RM 52.5,52.5,11-Apr,36.307026,-111.857844,I5_31,AGAATGCC,I7_31,AGAATGCC
24,CR.52_2,Grand Canyon,Colorado River,RM 52.5,52.5,11-Apr,36.307026,-111.857844,I5_32,GAGGCATT,I7_32,GAGGCATT
90,CR.61_1,Grand Canyon,Colorado River,RM 61.7,61.7,4/12/21,36.195366,-111.799632,I5_3,CCAAGTCC,I7_3,CCAAGTCC
25,CR.61_2,Grand Canyon,Colorado River,RM 61.7,61.7,4/12/21,36.195366,-111.799632,I5_33,CCTCGGTA,I7_33,CCTCGGTA
91,CR.84_1,Grand Canyon,Colorado River,RM 84.7,84.7,4/13/21,36.081919,-112.036006,I5_4,TTGGACTT,I7_4,TTGGACTT
26,CR.84_2,Grand Canyon,Colorado River,RM 84.7,84.7,4/13/21,36.081919,-112.036006,I5_34,TTCTAACG,I7_34,TTCTAACG
27,CR.94_1,Grand Canyon,Colorado River,RM 94.5,94.5,4/14/21,36.09947,-112.208869,I5_35,ATGAGGCT,I7_35,ATGAGGCT
28,CR.94_2,Grand Canyon,Colorado River,RM 94.5,94.5,4/14/21,36.09947,-112.208869,I5_36,GCAGAATC,I7_36,GCAGAATC
29,CR.97_1,Grand Canyon,Colorado River,RM 97.2,97.2,4/14/21,36.114659,-112.230352,I5_37,CACTACGA,I7_37,CACTACGA
30,CR.97_2,Grand Canyon,Colorado River,RM 97.2,97.2,4/14/21,36.114659,-112.230352,I5_38,TGTCGTAG,I7_38,TGTCGTAG
79,DIA_1,Grand Canyon,Diamond Creek,Diamond,225.9,4/19/21,35.765225,-113.371344,I5_87,TTGGTGAG,I7_87,TTGGTGAG
88,DIA_2,Grand Canyon,Diamond Creek,Diamond,225.9,4/19/21,35.765225,-113.371344,I5_96,AGCGCTAG,I7_96,AGCGCTAG
3,FCW_1,Wilderness Canyons,Fossil Creek,Waterfall Trail,,3/28/21,34.41053,-111.60732,I5_11,AGTAGAGA,I7_11,AGTAGAGA
4,FCW_2,Wilderness Canyons,Fossil Creek,Waterfall Trail,,3/28/21,34.41053,-111.60732,I5_12,GACGAGAG,I7_12,GACGAGAG
71,HAV_1,Grand Canyon,Havasu Creek,Havasu,157.3,4/16/21,36.306597,-112.761515,I5_79,GCGCCTGT,I7_79,GCGCCTGT
72,HAV_2,Grand Canyon,Havasu Creek,Havasu,157.3,4/16/21,36.306597,-112.761515,I5_80,ATATTCAC,I7_80,ATATTCAC
93,HER_1,Grand Canyon,Hermit Creek,Hermit,94.5,4/14/21,36.098798,-112.209995,I5_6,TGACAAGC,I7_6,TGACAAGC
62,HER_2,Grand Canyon,Hermit Creek,Hermit,94.5,4/14/21,36.098798,-112.209995,I5_70,TTCACAAT,I7_70,TTCACAAT
67,KAN_1,Grand Canyon,Kanab Creek,Kanab,144,4/15/21,36.392344,-112.632828,I5_75,GGAGTACT,I7_75,GGAGTACT
68,KAN_2,Grand Canyon,Kanab Creek,Kanab,144,4/15/21,36.392344,-112.632828,I5_76,AAGACGTC,I7_76,AAGACGTC
57,LCR_1,Grand Canyon,Little Colorado River,Little Colorado,61.7,4/12/21,36.190341,-111.795906,I5_65,CTTAGTGT,I7_65,CTTAGTGT
58,LCR_2,Grand Canyon,Little Colorado River,Little Colorado,61.7,4/12/21,36.190341,-111.795906,I5_66,TCCGACAC,I7_66,TCCGACAC
73,LF_1,Grand Canyon,Lava Falls Spring,Lava Falls,179.7,4/17/21,36.196297,-113.084915,I5_81,CTACAGTT,I7_81,CTACAGTT
74,LF_2,Grand Canyon,Lava Falls Spring,Lava Falls,179.7,4/17/21,36.196297,-113.084915,I5_82,TCGTGACC,I7_82,TCGTGACC
69,MAT_1,Grand Canyon,Matkatamiba Creek,Matkatamiba,148.4,4/16/21,36.343699,-112.674443,I5_77,GTCTCGCA,I7_77,GTCTCGCA
70,MAT_2,Grand Canyon,Matkatamiba Creek,Matkatamiba,148.4,4/16/21,36.343699,-112.674443,I5_78,ACTCTATG,I7_78,ACTCTATG
55,NANK_1,Grand Canyon,Nankoweap,Nankoweap,52.5,11-Apr,36.306782,-111.85848,I5_63,CTAGGCAA,I7_63,CTAGGCAA
56,NANK_2,Grand Canyon,Nankoweap,Nankoweap,52.5,11-Apr,36.306782,-111.85848,I5_64,TCGAATGG,I7_64,TCGAATGG
19,RM.20_1,Grand Canyon,Colorado River,RM 20.7,20.7,4/10/21,36.630398,-111.763992,I5_27,ATACCAAG,I7_27,ATACCAAG
20,RM.20_2,Grand Canyon,Colorado River,RM 20.7,20.7,4/10/21,36.630398,-111.763992,I5_28,GCGTTGGA,I7_28,GCGTTGGA
21,RM.88_1,Grand Canyon,Colorado River ,RM 88.2,88.2,4/13/21,36.100452,-112.090951,I5_29,CTTCACGG,I7_29,CTTCACGG
22,RM.88_2,Grand Canyon,Colorado River ,RM 88.2,88.2,4/13/21,36.100452,-112.090951,I5_30,TCCTGTAA,I7_30,TCCTGTAA
13,SC_1,Grand Canyon,Spring Creek,Spring,204.6,4/17/21,36.018689,-113.351472,I5_21,AAGGTACC,I7_21,AAGGTACC
14,SC_2,Wilderness Canyons,Sycamore Creek,Lower Sycamore,,3/22/21,34.86996,-112.06938,I5_22,GGAACGTT,I7_22,GGAACGTT
75,SCGC_1,Grand Canyon,Spring Creek,Spring,204.6,4/17/21,36.018689,-113.351472,I5_83,GGAAGCAG,I7_83,GGAAGCAG
76,SCGC_2,Wilderness Canyons,Sycamore Creek,Lower Sycamore,,3/22/21,34.86996,-112.06938,I5_84,AAGGATGA,I7_84,AAGGATGA
63,SHI_1,Grand Canyon,Shinamo Creek,Shinamo,109.2,4/15/21,36.237663,-112.349253,I5_71,ACACGAGT,I7_71,ACACGAGT
64,SHI_2,Grand Canyon,Shinamo Creek,Shinamo,109.2,4/15/21,36.237663,-112.349253,I5_72,GTGTAGAC,I7_72,GTGTAGAC
84,SPE_1,Grand Canyon,Spencer Creek,Spencer,246.2,4/19/21,35.823683,-113.647906,I5_92,AGGTGCGT,I7_92,AGGTGCGT
85,SPE_2,Grand Canyon,Spencer Creek,Spencer,246.2,4/19/21,35.823683,-113.647906,I5_93,TATGAGTA,I7_93,TATGAGTA
65,TAP_1,Grand Canyon,Tapeats Creek,Tapeats,134.4,4/15/21,36.371082,-112.469666,I5_73,GTTAATTG,I7_73,GTTAATTG
66,TAP_2,Grand Canyon,Tapeats Creek,Tapeats,134.4,4/15/21,36.371082,-112.469666,I5_74,ACCGGCCA,I7_74,ACCGGCCA
7,TCDW_1,Wilderness Canyons,Tangle Creek,2k from Confluence,,3/31/21,34.09175,-111.73124,I5_15,CTTAAGCC,I7_15,CTTAAGCC
8,TCDW_2,Wilderness Canyons,Tangle Creek,2k from Confluence,,3/31/21,34.09175,-111.73124,I5_16,TCCGGATT,I7_16,TCCGGATT
82,TRA_1,Grand Canyon,Travertine Canyon,Travertine,229.3,4/19/21,35.750769,-113.424321,I5_90,ACATAGCG,I7_90,ACATAGCG
83,TRA_2,Grand Canyon,Travertine Canyon,Travertine,229.3,4/19/21,35.750769,-113.424321,I5_91,GAACATAC,I7_91,GAACATAC
77,TS_1,Grand Canyon,Three Springs Creek,Three Springs,216,4/18/21,35.885708,-113.308258,I5_85,TATAACCT,I7_85,TATAACCT
78,TS_2,Grand Canyon,Three Springs Creek,Three Springs,216,4/18/21,35.885708,-113.308258,I5_86,CGCGGTTC,I7_86,CGCGGTTC
9,VRBF_1,Wilderness Canyons,Verde River,Beasley Flats,,3/29/21,34.480081,-111.81175,I5_17,CTGTATTA,I7_17,CTGTATTA
10,VRBF_2,Wilderness Canyons,Verde River,Beasley Flats,,3/29/21,34.480081,-111.81175,I5_18,TCACGCCG,I7_18,TCACGCCG
5,VRSB_1,Wilderness Canyons,Verde River,Sheeps Bridge,,3/30/21,34.07794,-111.70538,I5_13,AGACTTGG,I7_13,AGACTTGG
6,VRSB_2,Wilderness Canyons,Verde River,Sheeps Bridge,,3/30/21,34.07794,-111.70538,I5_14,GAGTCCAA,I7_14,GAGTCCAA
17,WBC_1,Wilderness Canyons,Wet Beaver Creek,Road Crossing,,3/27/21,34.66996,-111.71253,I5_25,ATCTTAGT,I7_25,ATCTTAGT
18,WBC_2,Wilderness Canyons,Wet Beaver Creek,Road Crossing,,3/27/21,34.66996,-111.71253,I5_26,GCTCCGAC,I7_26,GCTCCGAC
1,WCC_1,Wilderness Canyons,West Clear Creek,Bullpen,,3/21/21,34.53278,-111.66924,I5_9,CCTGAACT,I7_9,CCTGAACT
2,WCC_2,Wilderness Canyons,West Clear Creek,Bullpen,,3/21/21,34.53278,-111.66924,I5_10,TTCAGGTC,I7_10,TTCAGGTC
15,WFOC_1,Wilderness Canyons,West Fork Oak Creek,2.5mi Location,,3/23/21,34.99641,-111.75326,I5_23,AATTCTGC,I7_23,AATTCTGC
16,WFOC_2,Wilderness Canyons,West Fork Oak Creek,2.5mi Location,,3/23/21,34.99641,-111.75326,I5_24,GGCCTCAT,I7_24,GGCCTCAT
,,,,,,,,,,,,
,,,,,,,,,,,,
,,,,,,,,,,,,
,,,,,,,,,,,,
,,,,,,,,,,,,