ID,Phylum,Class,Order,Family,Genus,Species,Similarity,Status
>OTU_1,Arthropoda,Insecta,Diptera,Chironomidae,Orthocladius,,100,Published
>OTU_2,Arthropoda,Insecta,Diptera,Chironomidae,Eukiefferiella,,100,Published
>OTU_3,Arthropoda,Insecta,Diptera,Chironomidae,Cricotopus,,100,Published
>OTU_4,Arthropoda,Insecta,Diptera,Chironomidae,,,100,Published
>OTU_5,Arthropoda,Insecta,Diptera,Simuliidae,Simulium,chromatinum,100,Published
>OTU_6,Arthropoda,Insecta,Diptera,Chironomidae,Eukiefferiella,claripennis,100,Published
>OTU_8,Arthropoda,Insecta,Diptera,Chironomidae,Cricotopus,trifascia,100,Published
>OTU_9,Arthropoda,Insecta,Diptera,Chironomidae,Rheocricotopus,,97.04,Published
>OTU_10,Arthropoda,Insecta,Diptera,,,,99.26,Private
>OTU_11,Arthropoda,Insecta,Diptera,Chironomidae,Corynoneura,,100,Published
>OTU_12,Arthropoda,Insecta,Diptera,Chironomidae,Orthocladius,,100,Published
>OTU_13,Arthropoda,Insecta,Diptera,Chironomidae,,,99.26,Early-Release
>OTU_14,Arthropoda,Insecta,Diptera,Culicidae,Anopheles,punctipennis,100,Published
>OTU_15,Arthropoda,Insecta,Diptera,Chironomidae,,,94.7,Private
>OTU_16,Arthropoda,Insecta,Diptera,Chironomidae,Cricotopus,,100,Early-Release
>OTU_17,Arthropoda,Insecta,Diptera,Chironomidae,,,100,Published
>OTU_18,Arthropoda,Insecta,Diptera,Chironomidae,,,100,Private
>OTU_19,Arthropoda,Insecta,Coleoptera,,,,88.15,Published
>OTU_20,Arthropoda,Insecta,Diptera,Chironomidae,Eukiefferiella,,97.78,Published
>OTU_21,Arthropoda,Insecta,Diptera,Empididae,Neoplasta,megorchis,100,Published
>OTU_22,Arthropoda,Insecta,Diptera,Chironomidae,Cricotopus,bicinctus grp.,100,Published
>OTU_23,Arthropoda,Insecta,Diptera,Chironomidae,Rheotanytarsus,,98.52,Published
>OTU_24,Arthropoda,Branchiopoda,Anomopoda,Daphniidae,Daphnia,pulex,100,Published
>OTU_25,Arthropoda,Insecta,Diptera,Simuliidae,Simulium,,97.04,Published
>OTU_26,Arthropoda,Insecta,Diptera,Chironomidae,,,100,Published
>OTU_27,Arthropoda,Insecta,Diptera,Simuliidae,Simulium,saxosum,98.52,Published
>OTU_28,Arthropoda,Insecta,Diptera,Chironomidae,Orthocladius,,100,Published
>OTU_29,Arthropoda,Insecta,Diptera,Chironomidae,Cricotopus,,100,Published
>OTU_30,Rhodophyta,Florideophyceae,,,,,82.93,Private
>OTU_31,Arthropoda,Ostracoda,Podocopida,Cyprididae,Cypridopsis,vidua,99.26,Published
>OTU_32,Arthropoda,Insecta,Diptera,Stratiomyidae,,,91.11,Published
>OTU_33,Arthropoda,Insecta,Diptera,Chironomidae,,,94.81,Published
>OTU_34,Arthropoda,Insecta,Coleoptera,Elmidae,Optioservus,divergens,100,Private
>OTU_35,Arthropoda,Insecta,Diptera,Chironomidae,,,92.59,Private
>OTU_36,Arthropoda,Insecta,Megaloptera,Corydalidae,,,94.07,Published
>OTU_37,Arthropoda,Insecta,Diptera,Chironomidae,,,92.59,Published
>OTU_38,Arthropoda,Insecta,Diptera,Chironomidae,,,92.59,Published
>OTU_39,Arthropoda,Insecta,Diptera,Ceratopogonidae,,,92.59,Private
>OTU_40,Arthropoda,Insecta,Diptera,Chironomidae,Cladotanytarsus,,100,Published
>OTU_41,Arthropoda,Insecta,Diptera,Chironomidae,Corynoneura,,99.26,Published
>OTU_42,Arthropoda,Insecta,Diptera,Simuliidae,Simulium,,98.52,Published
>OTU_43,Arthropoda,Insecta,Diptera,Chironomidae,Cricotopus,,95,Private
>OTU_44,Arthropoda,Ostracoda,Podocopida,Podocopida_incertae_sedis,PodocopidGEN,BIOUG024,99.24,Published
>OTU_45,Arthropoda,Insecta,Diptera,Chironomidae,,,97.78,Private
>OTU_46,Arthropoda,Insecta,Diptera,Chironomidae,,,97.78,Private
>OTU_47,Arthropoda,Insecta,Diptera,Chironomidae,Cardiocladius,,96.3,Published
>OTU_48,Arthropoda,Insecta,Diptera,Ceratopogonidae,,,93.33,Published
>OTU_49,Arthropoda,Insecta,Diptera,Chironomidae,Cricotopus,,97.78,Private
>OTU_50,Arthropoda,Insecta,Ephemeroptera,Baetidae,Baetis,,97.78,Published
>OTU_51,Arthropoda,Insecta,Diptera,Chironomidae,,,95.56,Published
>OTU_52,Arthropoda,Insecta,Diptera,Chironomidae,Limnophyes,,95.56,Published
>OTU_53,Arthropoda,Insecta,Diptera,Chironomidae,,,100,Published
>OTU_54,Arthropoda,Branchiopoda,Anomopoda,Chydoridae,Alona,setulosa,100,Published
>OTU_55,Arthropoda,Insecta,Diptera,Chironomidae,Cricotopus,,98.52,Private
>OTU_56,Arthropoda,Insecta,Diptera,Chironomidae,Chironomus,,100,Published
>OTU_57,Arthropoda,Insecta,Diptera,Chironomidae,,,93.33,Early-Release
>OTU_58,Arthropoda,Insecta,Diptera,Ceratopogonidae,,,96.3,Private
>OTU_59,Arthropoda,Insecta,Diptera,Chironomidae,Orthocladius,,99.26,Published
>OTU_60,Arthropoda,Insecta,Diptera,Chironomidae,Corynoneura,,100,Published
>OTU_61,Arthropoda,Insecta,Ephemeroptera,,,,87.41,Published
>OTU_62,Arthropoda,Ostracoda,Podocopida,Cyprididae,,,91.85,Published
>OTU_63,Arthropoda,Insecta,Diptera,Chironomidae,Parakiefferiella,,99.26,Published
>OTU_64,Arthropoda,Insecta,Diptera,Chironomidae,Orthocladius,,97.78,Published
>OTU_65,Arthropoda,Insecta,Diptera,Chironomidae,,,94.81,Private
>OTU_66,Arthropoda,Insecta,Diptera,Chironomidae,,,96.3,Published
>OTU_67,Arthropoda,Hexanauplia,Calanoida,Diaptomidae,Leptodiaptomus,,95.56,Published
>OTU_68,Arthropoda,Insecta,Diptera,Chironomidae,,,96.3,Private
>OTU_69,Arthropoda,Insecta,Diptera,Chironomidae,,,90.37,Published
>OTU_70,Arthropoda,Insecta,Diptera,Simuliidae,Simulium,,97.78,Published
>OTU_71,Arthropoda,Hexanauplia,Harpacticoida,Ameiridae,Nitokra,hibernica,100,Published
>OTU_72,Arthropoda,Insecta,Diptera,Chironomidae,,,98.52,Published
>OTU_73,Rhodophyta,Florideophyceae,,,,,81.63,Early-Release
>OTU_74,Annelida,Clitellata,Enchytraeida,Enchytraeidae,,,93.33,Private
>OTU_75,Arthropoda,Insecta,Diptera,Limoniidae,Antocha,,99.26,Published
>OTU_76,Arthropoda,Insecta,Diptera,Simuliidae,Simulium,virgatum s.l.,100,Published
>OTU_77,Arthropoda,Insecta,Diptera,Chironomidae,,,96.3,Private
>OTU_78,Arthropoda,Insecta,Diptera,Chironomidae,,,100,Private
>OTU_79,Arthropoda,Insecta,Diptera,Muscidae,,,97.04,Published
>OTU_80,Arthropoda,Insecta,Diptera,Chironomidae,Cricotopus,,100,Published
>OTU_81,Arthropoda,Hexanauplia,Harpacticoida,,,,85.19,Published
>OTU_82,Arthropoda,Ostracoda,Podocopida,Cyprididae,Cypridopsis,,95.56,Private
>OTU_83,Arthropoda,Insecta,Diptera,Ceratopogonidae,,,94.07,Published
>OTU_84,Arthropoda,Insecta,Diptera,Chironomidae,,,100,Published
>OTU_85,Rhodophyta,Florideophyceae,,,,,82.54,Early-Release
>OTU_86,Arthropoda,Insecta,,,,,75.97,Published
>OTU_87,Arthropoda,Insecta,Diptera,Chironomidae,,,99.26,Published
>OTU_88,Arthropoda,Insecta,Ephemeroptera,Baetidae,Fallceon,sp.,100,Published
>OTU_89,Arthropoda,Insecta,Diptera,Stratiomyidae,,,100,Published
>OTU_90,Arthropoda,Insecta,Diptera,Culicidae,,,94.07,Private
>OTU_91,Arthropoda,Insecta,Diptera,Chironomidae,Tanytarsus,,100,Published
>OTU_92,Arthropoda,Insecta,Diptera,Chironomidae,,,93.33,Private
>OTU_93,Arthropoda,Collembola,,,,,79.82,Published
>OTU_94,Arthropoda,Insecta,Diptera,Simuliidae,Simulium,hunteri,98.52,Private
>OTU_95,Arthropoda,Insecta,Coleoptera,Scarabaeidae,,,90.37,Private
>OTU_96,Arthropoda,Insecta,Diptera,Chironomidae,Pentaneura,,100,Published
>OTU_97,Arthropoda,Insecta,Megaloptera,Corydalidae,Corydalus,luteus,100,Published
>OTU_98,Arthropoda,Insecta,Diptera,Chironomidae,,,91.85,Early-Release
>OTU_99,Arthropoda,Insecta,Diptera,Chironomidae,,,97.01,Published
>OTU_100,Arthropoda,Insecta,Coleoptera,Dytiscidae,,,91.85,Published
>OTU_101,Arthropoda,Ostracoda,Podocopida,Podocopida_incertae_sedis,,,92.59,Published
>OTU_102,Arthropoda,Insecta,Diptera,Chironomidae,Cricotopus,,96.3,Published
>OTU_103,Arthropoda,Insecta,Diptera,Chironomidae,,,99.26,Published
>OTU_104,Arthropoda,Insecta,Diptera,Simuliidae,Simulium,bracteatum,100,Private
>OTU_105,Arthropoda,Insecta,Diptera,Tipulidae,,,100,Published
>OTU_106,Arthropoda,Ostracoda,Podocopida,Cyprididae,Cypridopsis,vidua,100,Published
>OTU_107,Arthropoda,Insecta,Diptera,Chironomidae,,,99.26,Private
>OTU_108,Arthropoda,Insecta,Diptera,Chironomidae,,,100,Private
>OTU_109,Arthropoda,Insecta,Diptera,Chironomidae,Cricotopus,,97.78,Private
>OTU_110,Arthropoda,Insecta,Diptera,Chironomidae,,,97.04,Private
>OTU_111,Arthropoda,Insecta,Diptera,Chironomidae,Polypedilum,,100,Published
>OTU_112,Arthropoda,Insecta,Diptera,Chironomidae,,,97.78,Published
>OTU_113,Arthropoda,Insecta,Diptera,Chironomidae,,,94.07,Private
>OTU_114,Arthropoda,Insecta,Diptera,Chironomidae,,,91.11,Early-Release
>OTU_115,Arthropoda,Insecta,Diptera,Chironomidae,Dicrotendipes,,100,Early-Release
>OTU_116,Arthropoda,Insecta,Diptera,Chironomidae,,,100,Published
>OTU_117,Arthropoda,Ostracoda,Podocopida,,,,89.63,Published
>OTU_118,Arthropoda,Insecta,Diptera,Ceratopogonidae,,,95.56,Published
>OTU_119,Arthropoda,Insecta,Diptera,Ephydridae,Hydrellia,griseola,100,Published
>OTU_120,Arthropoda,Insecta,Diptera,Chironomidae,,,100,Published
>OTU_121,Arthropoda,Insecta,Diptera,Empididae,Hemerodromia,,100,Published
>OTU_122,Arthropoda,Insecta,Diptera,Chironomidae,Thienemanniella,xena,100,Published
>OTU_123,Arthropoda,Insecta,Diptera,Chironomidae,,,96.3,Private
>OTU_124,Arthropoda,Ostracoda,Podocopida,Ilyocyprididae,Ilyocypris,bradyi,100,Published
>OTU_125,Arthropoda,Insecta,Diptera,Chironomidae,,,97.04,Private
>OTU_126,Arthropoda,Insecta,Diptera,Chironomidae,,,90.37,Published
>OTU_127,Arthropoda,Insecta,Diptera,Culicidae,,,91.85,Published
>OTU_128,Arthropoda,Insecta,Diptera,Pediciidae,,,91.11,Early-Release
>OTU_129,Arthropoda,Insecta,Diptera,Chironomidae,,,96.3,Private
>OTU_130,Mollusca,Gastropoda,,Physidae,,,93.33,Published
>OTU_131,Arthropoda,Insecta,Diptera,,,,100,Published
>OTU_132,Arthropoda,Insecta,Diptera,Chironomidae,,,92.54,Private
>OTU_133,Arthropoda,Arachnida,Trombidiformes,,,,89.15,Published
>OTU_134,Arthropoda,Insecta,Plecoptera,Capniidae,Mesocapnia,frisoni,100,Private
>OTU_135,Arthropoda,Insecta,Diptera,Chironomidae,Rheotanytarsus,,96.3,Published
>OTU_136,Arthropoda,Insecta,Diptera,Chironomidae,Corynoneura,,100,Early-Release
>OTU_137,Arthropoda,Insecta,Diptera,Chironomidae,,,94.81,Published
>OTU_138,Arthropoda,Insecta,Diptera,Chironomidae,,,96.3,Private
>OTU_139,Arthropoda,Insecta,Diptera,Ceratopogonidae,,,92.59,Published
>OTU_140,Arthropoda,Insecta,Diptera,Chironomidae,Cricotopus,,97.04,Published
>OTU_141,Arthropoda,Insecta,Diptera,Chironomidae,,,95.56,Published
>OTU_142,Annelida,Clitellata,Haplotaxida,,,,89.74,Private
>OTU_143,Arthropoda,Insecta,Diptera,Dolichopodidae,,,93.33,Private
>OTU_144,Arthropoda,Insecta,Diptera,Empididae,,,94.81,Early-Release
>OTU_145,Arthropoda,Hexanauplia,Cyclopoida,Cyclopidae,,,98.37,Published
>OTU_146,Arthropoda,Insecta,Diptera,Dolichopodidae,,,97.04,Published
>OTU_147,Arthropoda,Insecta,Diptera,Chironomidae,,,97.78,Private
>OTU_148,Arthropoda,Insecta,Diptera,Ceratopogonidae,,,93.33,Published
>OTU_149,Arthropoda,Insecta,Neuroptera,Chrysopidae,Chrysoperla,rufilabris,100,Published
>OTU_150,Heterokontophyta,Oomycota,,,,,83.74,Published
>OTU_151,Arthropoda,Insecta,Diptera,Simuliidae,Simulium,,100,Published
>OTU_152,Arthropoda,Hexanauplia,Harpacticoida,,,,86.67,Private
>OTU_153,Arthropoda,Insecta,,,,,78.79,Published
>OTU_154,Arthropoda,Insecta,Diptera,Empididae,Wiedemannia,simplex,99.26,Published
>OTU_155,Arthropoda,Insecta,Diptera,Chironomidae,,,97.73,Published
>OTU_156,Arthropoda,Insecta,Coleoptera,Scirtidae,,,95.56,Private
>OTU_157,Arthropoda,Insecta,Diptera,Chironomidae,Micropsectra,polita,100,Published
>OTU_158,Arthropoda,Insecta,Diptera,Limoniidae,,,100,Published
>OTU_159,Arthropoda,,,,,,99.26,Private
>OTU_160,Mollusca,Gastropoda,,Physidae,Physella,acuta,100,Published
>OTU_161,Arthropoda,Insecta,Diptera,Chironomidae,,,94.81,Private
>OTU_162,Arthropoda,Insecta,Diptera,Chironomidae,Parametriocnemus,,100,Published
>OTU_163,Arthropoda,Insecta,Diptera,Chironomidae,Tanytarsus,,95.56,Published
>OTU_164,Arthropoda,Collembola,,,,,80.95,Published
>OTU_165,Arthropoda,Insecta,Diptera,Chironomidae,,,94.07,Private
>OTU_166,Arthropoda,Insecta,Diptera,Chironomidae,,,99.26,Private
>OTU_167,Arthropoda,Insecta,Diptera,Chironomidae,,,100,Published
>OTU_168,Arthropoda,Insecta,Diptera,Chironomidae,Cricotopus,,98.51,Private
>OTU_169,Arthropoda,Insecta,Coleoptera,,,,89.39,Published
>OTU_170,Arthropoda,Insecta,Diptera,Simuliidae,Simulium,sp.,98.52,Private
>OTU_171,Arthropoda,Insecta,Coleoptera,Dytiscidae,Ilybiosoma,bjorkmanae,99.26,Early-Release
>OTU_172,Arthropoda,Insecta,Diptera,Chironomidae,Tanytarsus,,100,Published
>OTU_173,Arthropoda,Insecta,Coleoptera,Haliplidae,Peltodytes,,100,Published
>OTU_174,Arthropoda,Insecta,Coleoptera,Scarabaeidae,,,98.52,Early-Release
>OTU_175,Rhodophyta,Florideophyceae,,,,,79.07,Published
>OTU_176,Arthropoda,Insecta,Diptera,Chironomidae,,,100,Private
>OTU_177,Arthropoda,Insecta,Diptera,Psychodidae,,,92.59,Published
>OTU_178,Arthropoda,Insecta,Diptera,,,,88.15,Published
>OTU_179,Arthropoda,Insecta,Diptera,Chironomidae,Microtendipes,pedellus grp.,100,Published
>OTU_180,Arthropoda,Insecta,Diptera,Simuliidae,Simulium,piperi,100,Published
>OTU_181,Arthropoda,Insecta,Diptera,Chironomidae,,,92.59,Private
>OTU_182,Arthropoda,Insecta,Diptera,Chironomidae,,,97.78,Published
>OTU_183,Arthropoda,Insecta,Diptera,Chironomidae,,,100,Private
>OTU_184,Arthropoda,Insecta,Diptera,Stratiomyidae,,,99.26,Published
>OTU_185,Arthropoda,Insecta,Diptera,,,,96.3,Private
>OTU_186,Arthropoda,Insecta,Diptera,Chironomidae,,,94.81,Early-Release
>OTU_187,Arthropoda,Insecta,Diptera,Chironomidae,,,97.78,Private
>OTU_188,Arthropoda,Insecta,Diptera,Psychodidae,,,90.37,Private
>OTU_189,Arthropoda,Ostracoda,Podocopida,Cyprididae,,,91.85,Published
>OTU_190,Arthropoda,Insecta,Diptera,Ceratopogonidae,,,100,Private
>OTU_191,Arthropoda,Insecta,Diptera,Chironomidae,Parakiefferiella,,100,Published
>OTU_192,Ochrophyta,Phaeophyceae,Ectocarpales,,,,86.57,Published
>OTU_193,Arthropoda,Insecta,Diptera,Culicidae,,,92.59,Published
>OTU_194,Arthropoda,Insecta,Diptera,Chironomidae,Tanytarsus,,100,Published
>OTU_195,Arthropoda,Insecta,Diptera,Chironomidae,,,100,Private
>OTU_196,Arthropoda,Insecta,Diptera,Chironomidae,,,96.21,Private
>OTU_197,Arthropoda,Insecta,Diptera,Ceratopogonidae,,,92.06,Published
>OTU_198,Arthropoda,Insecta,Diptera,Chironomidae,,,97.04,Published
>OTU_199,No Match,No Match,No Match,No Match,No Match,No Match,No Match,No Match
>OTU_200,Arthropoda,Insecta,Diptera,Chironomidae,Eukiefferiella,,97.04,Published
>OTU_201,Arthropoda,Insecta,Diptera,Ceratopogonidae,,,97.78,Published
>OTU_202,Arthropoda,Insecta,Diptera,Chironomidae,,,93.33,Published
>OTU_203,Annelida,Clitellata,Haplotaxida,,,,89.15,Published
>OTU_204,Arthropoda,Insecta,Diptera,Chironomidae,,,91.85,Published
>OTU_205,Arthropoda,Insecta,Coleoptera,Chrysomelidae,Plagiodera,arizonae,100,Early-Release
>OTU_206,Arthropoda,Insecta,Diptera,Chironomidae,Cricotopus,,100,Published
>OTU_207,Arthropoda,Insecta,Coleoptera,Elmidae,,,91.85,Published
>OTU_208,Arthropoda,Insecta,Lepidoptera,Crambidae,,,98.52,Published
>OTU_209,Arthropoda,Insecta,Coleoptera,,,,87.88,Private
>OTU_210,Arthropoda,Insecta,Diptera,Chironomidae,,,94.07,Published
>OTU_211,Arthropoda,Insecta,Diptera,Dolichopodidae,,,93.33,Published
>OTU_212,Arthropoda,Insecta,Diptera,Chironomidae,,,93.33,Published
>OTU_213,Arthropoda,Insecta,Diptera,Chironomidae,,,96.3,Published
>OTU_214,Arthropoda,Insecta,Diptera,Chironomidae,,,94.07,Published
>OTU_215,Arthropoda,Insecta,Diptera,Chironomidae,,,94.07,Private
>OTU_216,Arthropoda,Insecta,,,,,76.03,Published
>OTU_217,Arthropoda,Insecta,Plecoptera,Perlodidae,Isoperla,,97.04,Early-Release
>OTU_218,Arthropoda,Insecta,Diptera,Simuliidae,Simulium,,96.3,Published
>OTU_219,Arthropoda,Insecta,Archaeognatha,,,,85.19,Private
>OTU_220,Arthropoda,Ostracoda,Podocopida,Podocopida_incertae_sedis,PodocopidGEN,,96.99,Published
>OTU_221,Arthropoda,Insecta,Diptera,Chironomidae,,,99.26,Published
>OTU_222,Arthropoda,Insecta,Diptera,Tephritidae,Neaspilota,viridescens,100,Private
>OTU_223,Arthropoda,Insecta,Diptera,Ephydridae,,,94.07,Early-Release
>OTU_224,Arthropoda,Insecta,Diptera,Chironomidae,,,97.04,Private
>OTU_225,Arthropoda,Insecta,Diptera,Chironomidae,,,94.07,Published
>OTU_226,Arthropoda,Insecta,Coleoptera,Dytiscidae,Cybister,,96.97,Published
>OTU_227,Arthropoda,Insecta,Diptera,Chironomidae,Orthocladius,,100,Published
>OTU_228,Rhodophyta,Florideophyceae,,,,,81.33,Early-Release
>OTU_229,Arthropoda,Insecta,Diptera,Chironomidae,,,98.52,Private
>OTU_230,Arthropoda,Insecta,Diptera,Chironomidae,,,90.37,Published
>OTU_231,Arthropoda,Insecta,Diptera,Anthomyiidae,Delia,platura,100,Published
>OTU_232,Arthropoda,Insecta,Diptera,Tephritidae,Trupanea,radifera,100,Private
>OTU_233,Arthropoda,Insecta,Diptera,Chironomidae,Rheotanytarsus,,96.3,Published
>OTU_234,Arthropoda,Insecta,Diptera,Chironomidae,Eukiefferiella,,100,Published
>OTU_235,Mollusca,Gastropoda,,Physidae,Physella,acuta,100,Published
>OTU_236,Cnidaria,Anthozoa,,,,,80,Private
>OTU_237,Arthropoda,Branchiopoda,Anomopoda,Daphniidae,Ceriodaphnia,cf. laticaudata,99.26,Published
>OTU_238,Arthropoda,Insecta,Diptera,Chironomidae,,,93.33,Private
>OTU_239,Arthropoda,Insecta,Diptera,Chironomidae,Cricotopus,,97.78,Private
>OTU_240,Arthropoda,Insecta,Diptera,Chironomidae,Psectrocladius,psilopterus,99.26,Published
>OTU_241,Arthropoda,Insecta,,,,,76.3,Private
>OTU_242,Arthropoda,Insecta,Diptera,Empididae,Neoplasta,,97.04,Early-Release
>OTU_243,Arthropoda,Insecta,Diptera,Chironomidae,Eukiefferiella,claripennis,99.26,Published
>OTU_244,Arthropoda,Insecta,Diptera,Chironomidae,Orthocladius,,99.26,Published
>OTU_245,Arthropoda,Insecta,Coleoptera,,,,88.64,Published
>OTU_246,Arthropoda,Ostracoda,Podocopida,Cyprididae,Sarscypridopsis,aculeata,100,Published
>OTU_247,Arthropoda,Insecta,Diptera,Simuliidae,Simulium,,98.52,Published
>OTU_248,Arthropoda,Ostracoda,Podocopida,Cyprididae,,,91.06,Private
>OTU_249,Annelida,Clitellata,Haplotaxida,Naididae,,,100,Published
>OTU_250,Arthropoda,Insecta,Diptera,Chironomidae,,,92.59,Published
>OTU_251,Arthropoda,Insecta,Diptera,Chironomidae,,,93.33,Private
>OTU_252,Arthropoda,Insecta,Diptera,Chironomidae,,,93.33,Private
>OTU_253,Arthropoda,Insecta,,,,,76.52,Early-Release
>OTU_254,Arthropoda,Branchiopoda,Anomopoda,Chydoridae,Alona,affinis,100,Published
>OTU_255,Arthropoda,Insecta,Diptera,Ceratopogonidae,,,94.07,Private
>OTU_256,Arthropoda,Insecta,Diptera,Dolichopodidae,,,90.37,Published
>OTU_257,Arthropoda,Insecta,Diptera,Tabanidae,,,100,Published
>OTU_258,Arthropoda,Insecta,Diptera,Dixidae,,,97.78,Published
>OTU_259,Arthropoda,Insecta,Trichoptera,Lepidostomatidae,Lepidostoma,pluviale,100,Published
>OTU_260,Arthropoda,Insecta,Diptera,Chironomidae,,,97.04,Published
>OTU_261,Arthropoda,Insecta,Diptera,Chironomidae,,,91.85,Published
>OTU_262,Arthropoda,Insecta,Diptera,,,,100,Private
>OTU_263,Arthropoda,Insecta,Diptera,Chironomidae,,,94.81,Published
>OTU_264,Arthropoda,Insecta,Diptera,Stratiomyidae,,,100,Private
>OTU_265,Arthropoda,Insecta,Diptera,Tachinidae,Pseudochaeta,,96.3,Published
>OTU_266,Arthropoda,Insecta,Hemiptera,Naucoridae,,,100,Published
>OTU_267,Cnidaria,Hydrozoa,,,,,80.74,Published
>OTU_268,Arthropoda,Insecta,Coleoptera,,,,88.89,Published
>OTU_269,Arthropoda,Insecta,Diptera,Tipulidae,,,100,Published
>OTU_270,Arthropoda,Insecta,Diptera,Chironomidae,,,95.56,Private
>OTU_271,Arthropoda,Insecta,Coleoptera,Meloidae,,,100,Published
>OTU_272,Arthropoda,Insecta,Coleoptera,Silphidae,,,90.15,Published
>OTU_273,Arthropoda,Insecta,Coleoptera,Cerambycidae,,,90.15,Published
>OTU_274,Arthropoda,Insecta,Diptera,Chironomidae,,,91.74,Published
>OTU_275,Cnidaria,Hydrozoa,,,,,81.48,Published
>OTU_276,Arthropoda,Insecta,Diptera,Chironomidae,Eukiefferiella,,95.56,Published
>OTU_277,Arthropoda,Ostracoda,Podocopida,Cyprididae,,,94.07,Published
>OTU_278,Arthropoda,Insecta,Diptera,Chironomidae,Cricotopus,,97.01,Published
>OTU_279,Heterokontophyta,Oomycota,,,,,83.33,Published
>OTU_280,Rhodophyta,Florideophyceae,,,,,79.37,Early-Release
>OTU_281,Arthropoda,Insecta,Diptera,Chironomidae,,,94.07,Published
>OTU_282,Arthropoda,Insecta,Hemiptera,Naucoridae,,,100,Published
>OTU_283,Arthropoda,Insecta,Diptera,Chironomidae,,,94.81,Published
>OTU_284,Arthropoda,Insecta,Diptera,Anthomyiidae,,,92.59,Published
>OTU_285,Arthropoda,Insecta,Diptera,Chloropidae,,,100,Published
>OTU_286,Arthropoda,Insecta,Diptera,Chironomidae,,,96.3,Private
>OTU_287,Cnidaria,Anthozoa,,,,,77.24,Published
>OTU_288,Arthropoda,Insecta,Diptera,Chironomidae,,,100,Private
>OTU_289,Arthropoda,Insecta,Coleoptera,Scarabaeidae,,,90.15,Published
>OTU_290,Arthropoda,Insecta,Diptera,Chironomidae,Cricotopus,,96.3,Published
>OTU_291,Arthropoda,Insecta,Diptera,Simuliidae,Simulium,,97.78,Published
>OTU_292,Arthropoda,Insecta,Diptera,Chironomidae,Chironomus,whitseli,100,Published
>OTU_293,Arthropoda,Insecta,Diptera,Chironomidae,Chironomus,sp. 1,99.26,Published
>OTU_294,Arthropoda,Insecta,Diptera,Chironomidae,,,99.26,Published
>OTU_295,Arthropoda,Insecta,Diptera,Chironomidae,Orthocladius,,100,Published
>OTU_296,Arthropoda,Insecta,Diptera,Psychodidae,,,94.81,Published
>OTU_297,Arthropoda,Insecta,Diptera,Chironomidae,Cardiocladius,,95.56,Published
>OTU_298,Arthropoda,Insecta,Coleoptera,Carabidae,,,90.37,Published
>OTU_299,Rhodophyta,Florideophyceae,,,,,82.35,Private
>OTU_300,Arthropoda,Insecta,Diptera,Chironomidae,,,92.59,Private
>OTU_301,Arthropoda,Insecta,Coleoptera,Rhadalidae,,,90.37,Published
>OTU_302,Arthropoda,Insecta,Diptera,Chironomidae,Chironomus,,100,Published
>OTU_303,Arthropoda,Insecta,Coleoptera,Scarabaeidae,,,92.42,Early-Release
>OTU_304,Arthropoda,Insecta,Diptera,Chironomidae,,,93.33,Private
>OTU_305,Arthropoda,Insecta,Coleoptera,Hydrophilidae,Tropisternus,,100,Published
>OTU_306,Arthropoda,Insecta,Coleoptera,,,,89.39,Published
>OTU_307,Arthropoda,Branchiopoda,Anomopoda,Daphniidae,Daphnia,pulicaria,100,Published
>OTU_308,Arthropoda,Insecta,Ephemeroptera,Baetidae,Baetis,notos,100,Published
>OTU_309,Arthropoda,Ostracoda,Podocopida,Podocopida_incertae_sedis,PodocopidGEN,,97.04,Published
>OTU_310,Arthropoda,Insecta,Coleoptera,,,,89.63,Published
>OTU_311,Arthropoda,Insecta,Diptera,Chironomidae,Pentaneura,,99.24,Early-Release
>OTU_312,Mollusca,Gastropoda,,Physidae,Physella,,96.3,Published
>OTU_313,Arthropoda,Insecta,Coleoptera,Carabidae,,,90.91,Published
>OTU_314,Arthropoda,Insecta,Lepidoptera,Erebidae,Heteranassa,mima,100,Published
>OTU_315,Arthropoda,Ostracoda,Podocopida,Podocopida_incertae_sedis,PodocopidGEN,BIOUG024,98.33,Published
>OTU_316,Arthropoda,Insecta,Diptera,Chironomidae,Tanytarsus,,100,Published
>OTU_317,Arthropoda,Insecta,Diptera,Tipulidae,,,100,Published
>OTU_318,No Match,No Match,No Match,No Match,No Match,No Match,No Match,No Match
>OTU_319,Arthropoda,Insecta,Coleoptera,Chrysomelidae,Disonycha,,100,Published
>OTU_320,Arthropoda,Insecta,,,,,78.79,Private
>OTU_321,Arthropoda,Insecta,Lepidoptera,Ypsolophidae,Ypsolopha,barberella,100,Published
>OTU_322,Arthropoda,Hexanauplia,Cyclopoida,,,,89.47,Private
>OTU_323,Arthropoda,Insecta,Diptera,Chironomidae,Orthocladius,carlatus,100,Published
>OTU_324,Arthropoda,Insecta,Diptera,Chironomidae,,,95.56,Published
>OTU_325,Arthropoda,Diplopoda,,,,,78.52,Published
>OTU_326,Arthropoda,Insecta,Diptera,Tipulidae,Tipula,aleutica,98.52,Early-Release
>OTU_327,Arthropoda,Insecta,Diptera,,,,89.63,Private
>OTU_328,Arthropoda,Insecta,Diptera,Chironomidae,,,94.81,Early-Release
>OTU_329,Heterokontophyta,Oomycota,,,,,78.05,Published
>OTU_330,Arthropoda,Insecta,Coleoptera,Carabidae,Dicheirotrichus,cognatus,100,Published
>OTU_331,Cnidaria,Hydrozoa,,,,,78.79,Published
>OTU_332,Arthropoda,Insecta,Coleoptera,,,,89.39,Published
>OTU_333,Arthropoda,Insecta,Coleoptera,Elateridae,Dalopius,,97.78,Published
>OTU_334,Arthropoda,Insecta,Diptera,Sphaeroceridae,Rachispoda,spatulata,100,Published
>OTU_335,Arthropoda,Insecta,Diptera,Simuliidae,Simulium,saxosum,98.52,Published
>OTU_336,Arthropoda,Ostracoda,Podocopida,,,,85.37,Published
>OTU_337,Arthropoda,Insecta,Diptera,Empididae,Neoplasta,scapularis,98.52,Published
>OTU_338,Annelida,Clitellata,Haplotaxida,Naididae,Vejdovskyella,,100,Published
>OTU_339,Arthropoda,Insecta,,,,,82.56,Published
>OTU_340,Arthropoda,Insecta,Diptera,Chironomidae,,,96.21,Published
>OTU_341,Arthropoda,Insecta,Coleoptera,Scarabaeidae,,,92.06,Early-Release
>OTU_342,Arthropoda,Hexanauplia,,,,,84.44,Private
>OTU_343,Arthropoda,Insecta,Diptera,Chironomidae,,,99.26,Private
>OTU_344,Arthropoda,Insecta,Coleoptera,Dytiscidae,Platambus,,97.78,Published
>OTU_345,Arthropoda,Insecta,Coleoptera,Dytiscidae,,,91.67,Published
>OTU_346,Arthropoda,Insecta,Diptera,Chironomidae,Eukiefferiella,,97.78,Published
>OTU_347,Arthropoda,Ostracoda,Podocopida,Cyprididae,,,95.56,Published
>OTU_348,Arthropoda,Insecta,Diptera,Chironomidae,,,94.81,Private
>OTU_349,Arthropoda,Insecta,Diptera,Limoniidae,,,92.59,Published
>OTU_350,Arthropoda,Insecta,Archaeognatha,,,,88.15,Published
>OTU_351,Arthropoda,Insecta,Diptera,Chironomidae,,,92.59,Published
>OTU_352,Arthropoda,Insecta,Diptera,Chironomidae,,,94.81,Early-Release
>OTU_353,Arthropoda,Insecta,Diptera,Dixidae,,,98.52,Published
>OTU_354,Arthropoda,Insecta,Ephemeroptera,Baetidae,,,93.33,Private
>OTU_355,Arthropoda,Insecta,Diptera,Chironomidae,,,96.3,Early-Release
>OTU_356,Arthropoda,Insecta,Diptera,Chironomidae,,,90.37,Published
>OTU_357,Arthropoda,Insecta,Diptera,Heleomyzidae,,,99.26,Published
>OTU_358,Arthropoda,Insecta,Diptera,Limoniidae,,,96.3,Published
>OTU_359,Arthropoda,Insecta,Coleoptera,,,,88.89,Published
>OTU_360,Arthropoda,Ostracoda,Podocopida,Cyprididae,Herpetocypris,chevreuxi,100,Published
>OTU_361,Arthropoda,Insecta,Diptera,Chironomidae,Orthocladius,,100,Published
>OTU_362,Arthropoda,Insecta,Diptera,Chironomidae,,,95.56,Private
>OTU_363,Arthropoda,Insecta,Diptera,Simuliidae,,,94.07,Published
>OTU_364,Arthropoda,Insecta,Diptera,Calliphoridae,,,92.59,Published
>OTU_365,Arthropoda,Insecta,Diptera,Chironomidae,,,99.26,Published
>OTU_366,Arthropoda,Insecta,Coleoptera,Dytiscidae,,,94.07,Published
>OTU_367,Arthropoda,Insecta,Diptera,Ceratopogonidae,,,94.07,Published
>OTU_368,Arthropoda,Hexanauplia,Cyclopoida,Cyclopidae,,,100,Published
>OTU_369,Arthropoda,Insecta,Coleoptera,,,,88.15,Published
>OTU_370,Arthropoda,Insecta,Diptera,Chironomidae,,,100,Published
>OTU_371,Arthropoda,Insecta,Coleoptera,Staphylinidae,,,100,Published
>OTU_372,Arthropoda,Insecta,Diptera,Chironomidae,,,100,Published
>OTU_373,Arthropoda,Insecta,Coleoptera,,,,86.82,Published
>OTU_374,Arthropoda,Insecta,Diptera,Chironomidae,Chironomus,bifurcatus,100,Published
>OTU_375,Arthropoda,Insecta,Diptera,Chironomidae,,,95.56,Private
>OTU_376,Gastrotricha,Gastrotricha_class_incertae_sedis,Chaetonotida,,,,86.51,Published
>OTU_377,Arthropoda,Hexanauplia,Harpacticoida,,,,85.61,Published
>OTU_378,Arthropoda,Insecta,Diptera,Limoniidae,,,100,Published
>OTU_379,Arthropoda,Insecta,Diptera,Simuliidae,Simulium,,97.04,Published
>OTU_380,Arthropoda,Insecta,Coleoptera,,,,89.63,Early-Release
>OTU_381,Arthropoda,Insecta,Coleoptera,,,,88.89,Early-Release
>OTU_382,Arthropoda,Insecta,Diptera,Chironomidae,,,91.11,Published
>OTU_383,Arthropoda,Insecta,Diptera,Chironomidae,,,90.91,Early-Release
>OTU_384,Arthropoda,Diplopoda,,,,,79.26,Private
>OTU_385,Arthropoda,Hexanauplia,Cyclopoida,Cyclopidae,Acanthocyclops,,100,Early-Release
>OTU_386,Arthropoda,Insecta,Diptera,Chironomidae,,,94.78,Private
>OTU_387,Arthropoda,Insecta,Coleoptera,Elateridae,Meristhus,,98.52,Early-Release
>OTU_388,Arthropoda,Insecta,Diptera,Empididae,Wiedemannia,,99.26,Published
>OTU_389,Arthropoda,Insecta,Diptera,Chironomidae,Orthocladius,,100,Published
>OTU_390,Arthropoda,Ostracoda,Podocopida,,,,88.89,Published
>OTU_391,Arthropoda,Insecta,Diptera,Limoniidae,Geranomyia,,100,Published
>OTU_392,Arthropoda,Ostracoda,Podocopida,Cyprididae,,,94.07,Published
>OTU_393,Arthropoda,Insecta,Ephemeroptera,Baetidae,Centroptilum,nr. conturbatum,100,Published
>OTU_394,Arthropoda,Insecta,Coleoptera,Anthribidae,,,93.33,Private
>OTU_395,Arthropoda,Insecta,Diptera,Chironomidae,,,94.81,Private
>OTU_396,Heterokontophyta,Oomycota,,,,,80.14,Published
>OTU_397,Arthropoda,Ostracoda,Podocopida,Podocopida_incertae_sedis,,,93.18,Published
>OTU_398,Arthropoda,Insecta,Odonata,Coenagrionidae,Argia,moesta,100,Published
>OTU_399,Arthropoda,Insecta,Diptera,Chironomidae,Cricotopus,,98.52,Published
>OTU_400,Arthropoda,Insecta,Diptera,Dolichopodidae,,,91.85,Private
>OTU_401,Arthropoda,Insecta,Diptera,Chironomidae,Chironomus,columbiensis,100,Early-Release
>OTU_402,Ochrophyta,Phaeophyceae,Ectocarpales,Chordariaceae,,,91.85,Published
>OTU_403,Annelida,Clitellata,Enchytraeida,Enchytraeidae,,,100,Published
>OTU_404,Arthropoda,Insecta,Diptera,Chironomidae,,,99.26,Private
>OTU_405,Arthropoda,Insecta,Diptera,Chironomidae,Rheotanytarsus,,97.78,Published
>OTU_406,Arthropoda,Insecta,Diptera,,,,85.25,Published
>OTU_407,Arthropoda,Insecta,Diptera,Chironomidae,,,93.33,Published
>OTU_408,Arthropoda,Insecta,Diptera,Bombyliidae,Mythicomyia,,97.04,Published
>OTU_409,Arthropoda,Insecta,Trichoptera,Brachycentridae,Micrasema,,99.19,Published
>OTU_410,Arthropoda,Insecta,Diptera,Chironomidae,,,96.3,Published
>OTU_411,Arthropoda,Insecta,Diptera,Chironomidae,,,93.33,Published
>OTU_412,Arthropoda,Hexanauplia,Cyclopoida,Cyclopidae,,,93.18,Published
>OTU_413,Arthropoda,Insecta,Lepidoptera,Gelechiidae,Faculta,triangulella,100,Published
>OTU_414,Arthropoda,Insecta,Diptera,Simuliidae,Simulium,iriartei,100,Private
>OTU_415,Arthropoda,Insecta,Diptera,Trichoceridae,,,93.33,Published
>OTU_416,Arthropoda,Insecta,Coleoptera,Staphylinidae,,,94.81,Published
>OTU_417,Arthropoda,Insecta,,,,,80.58,Published
>OTU_418,Arthropoda,Insecta,Diptera,Chironomidae,Cricotopus,,97.73,Published
>OTU_419,Arthropoda,Insecta,Coleoptera,,,,88.62,Published
>OTU_420,Arthropoda,Insecta,Diptera,Chironomidae,,,92.59,Published
>OTU_421,Arthropoda,Insecta,,,,,78.05,Private
>OTU_422,Arthropoda,Insecta,Diptera,Chironomidae,,,98.52,Private
>OTU_423,Arthropoda,Hexanauplia,,,,,80.18,Published
>OTU_424,Arthropoda,Insecta,Diptera,Chironomidae,,,94.81,Private
>OTU_425,Arthropoda,Insecta,Diptera,Chironomidae,,,100,Private
>OTU_426,Arthropoda,Insecta,Diptera,Chironomidae,Cricotopus,,96.67,Private
>OTU_427,Arthropoda,,,,,,95.24,Published
>OTU_428,Mollusca,Cephalopoda,,,,,79.07,Published
>OTU_429,Arthropoda,Insecta,Coleoptera,,,,88.89,Published
>OTU_430,Arthropoda,Ostracoda,Podocopida,Cyprididae,Cypridopsis,vidua,100,Published
>OTU_431,Arthropoda,Insecta,Coleoptera,Silphidae,,,90.15,Published
>OTU_432,Arthropoda,Insecta,Diptera,Chironomidae,,,98.52,Published
>OTU_433,Arthropoda,Insecta,Diptera,Chironomidae,,,92.31,Published
>OTU_434,Arthropoda,Arachnida,Trombidiformes,,,,86.82,Early-Release
>OTU_435,Arthropoda,Insecta,Diptera,Chironomidae,Cricotopus,,95.56,Published
>OTU_436,Arthropoda,Insecta,Diptera,Tipulidae,Tipula,,99.26,Published
>OTU_437,Arthropoda,Insecta,Diptera,Bombyliidae,Mythicomyia,,100,Published
>OTU_438,Arthropoda,Insecta,Diptera,Chironomidae,Cricotopus,,98.41,Published
>OTU_439,Arthropoda,Insecta,Diptera,Chironomidae,,,91.85,Published
>OTU_440,Arthropoda,Insecta,Coleoptera,Chrysomelidae,,,90.83,Private
>OTU_441,Cnidaria,Anthozoa,,,,,77.27,Published
>OTU_442,Arthropoda,Insecta,Diptera,Chironomidae,,,93.33,Private
>OTU_443,Arthropoda,Insecta,Diptera,Limoniidae,Geranomyia,,100,Published
>OTU_444,Arthropoda,Insecta,Diptera,Chironomidae,Cricotopus,,96.3,Published
>OTU_445,Arthropoda,Insecta,Lepidoptera,Lycaenidae,,,90,Early-Release
>OTU_446,Arthropoda,Insecta,Coleoptera,Scarabaeidae,,,90.7,Published
>OTU_447,Arthropoda,Insecta,Coleoptera,Scraptiidae,,,90.37,Published
>OTU_448,Arthropoda,Insecta,Diptera,Muscidae,,,92.59,Published
>OTU_449,Arthropoda,Insecta,Ephemeroptera,,,,85.93,Published
>OTU_450,Arthropoda,Insecta,Lepidoptera,Crambidae,Petrophila,kearfottalis,100,Published
>OTU_451,Arthropoda,Insecta,Coleoptera,Staphylinidae,Neohypnus,fragilis,100,Early-Release
>OTU_452,Arthropoda,Insecta,Coleoptera,Chrysomelidae,,,90.15,Private
>OTU_453,Arthropoda,Insecta,Diptera,Chironomidae,,,94.81,Private
>OTU_454,Arthropoda,Insecta,Diptera,Chironomidae,,,91.85,Published
>OTU_455,Arthropoda,Insecta,Diptera,Chironomidae,,,97.78,Private
>OTU_456,Arthropoda,Insecta,Diptera,Chironomidae,Cricotopus,,98.52,Private
>OTU_457,Arthropoda,Insecta,Diptera,Chironomidae,,,91.11,Private
>OTU_458,Arthropoda,Insecta,Coleoptera,Gyrinidae,,,90,Published
>OTU_459,Cnidaria,Anthozoa,,,,,78.52,Published
>OTU_460,Arthropoda,Insecta,Diptera,Chironomidae,Dicrotendipes,,100,Published
>OTU_461,Arthropoda,Insecta,Diptera,Chironomidae,,,95.56,Published
>OTU_462,Arthropoda,Insecta,Diptera,Chironomidae,Paratendipes,,100,Published
>OTU_463,Arthropoda,Ostracoda,,,,,82.22,Published
>OTU_464,Arthropoda,Insecta,Diptera,Chironomidae,Thienemanniella,xena,100,Published
>OTU_465,Arthropoda,Insecta,Coleoptera,Carabidae,,,90.15,Published
>OTU_466,Rhodophyta,Florideophyceae,,,,,83.05,Published
>OTU_467,Ochrophyta,Phaeophyceae,,,,,58.06,Published
>OTU_468,Arthropoda,Insecta,Neuroptera,Coniopterygidae,,,99.26,Published
>OTU_469,Arthropoda,Insecta,Diptera,Bombyliidae,,,100,Published
>OTU_470,Arthropoda,Insecta,Diptera,,,,87.41,Published
>OTU_471,Porifera,Demospongiae,,,,,77.78,Published
>OTU_472,Arthropoda,Insecta,Diptera,Chironomidae,,,98.52,Published
>OTU_473,Arthropoda,Insecta,Trichoptera,Hydroptilidae,Hydroptila,consimilis,100,Private
>OTU_474,Arthropoda,Ostracoda,Podocopida,Cyprididae,,,95.56,Published
>OTU_475,Arthropoda,Insecta,Diptera,Ceratopogonidae,,,100,Private
>OTU_476,Arthropoda,Insecta,Coleoptera,,,,89.39,Published
>OTU_477,Arthropoda,Insecta,Diptera,Chironomidae,,,91.11,Published
>OTU_478,Arthropoda,Insecta,,,,,77.68,Private
>OTU_479,Cnidaria,Anthozoa,,,,,82.5,Published
>OTU_480,Arthropoda,Insecta,Coleoptera,Silphidae,,,90.15,Published
>OTU_481,Arthropoda,Insecta,Diptera,Chironomidae,,,96.3,Private
>OTU_482,Arthropoda,Insecta,Diptera,Chironomidae,,,92.42,Published
>OTU_483,Arthropoda,Insecta,Diptera,Ceratopogonidae,,,100,Published
>OTU_484,Arthropoda,Insecta,Diptera,Tachinidae,Medina,luctuosa,100,Published
>OTU_485,Arthropoda,Insecta,Coleoptera,Carabidae,,,92.91,Published
>OTU_486,Arthropoda,Insecta,Diptera,Chironomidae,,,90.37,Early-Release
>OTU_487,Arthropoda,Insecta,Diptera,Dolichopodidae,Tachytrechus,,100,Published
>OTU_488,Annelida,Clitellata,Haplotaxida,Naididae,Tubifex,tubifex,100,Published
>OTU_489,Arthropoda,Insecta,Diptera,Dolichopodidae,,,96.3,Published
>OTU_490,Arthropoda,Insecta,Diptera,Drosophilidae,Drosophila,melanogaster,100,Published
>OTU_491,Arthropoda,Insecta,Coleoptera,Oedemeridae,,,91.11,Published
>OTU_492,Arthropoda,Ostracoda,Podocopida,Cyprididae,,,100,Published
>OTU_493,Arthropoda,Insecta,Coleoptera,Staphylinidae,,,100,Published
>OTU_494,Arthropoda,Insecta,Archaeognatha,,,,87.41,Published
>OTU_495,Arthropoda,Ostracoda,Podocopida,,,,87.41,Published
>OTU_496,No Match,No Match,No Match,No Match,No Match,No Match,No Match,No Match
>OTU_497,Arthropoda,Insecta,Diptera,Chironomidae,Rheocricotopus,robacki,100,Published
>OTU_498,Arthropoda,Insecta,Coleoptera,Dytiscidae,,,91.11,Private
>OTU_499,Arthropoda,Insecta,Diptera,Chironomidae,Micropsectra,polita,100,Published
>OTU_500,Arthropoda,Insecta,Diptera,Ephydridae,Parydra,fossarum,99.26,Published
>OTU_501,Arthropoda,Insecta,Coleoptera,Haliplidae,,,90.8,Private
>OTU_502,Arthropoda,Insecta,Coleoptera,,,,85.61,Published
>OTU_503,No Match,No Match,No Match,No Match,No Match,No Match,No Match,No Match
>OTU_504,Arthropoda,Insecta,Diptera,Tabanidae,Hybomitra,,97.04,Published
>OTU_505,Arthropoda,Insecta,Diptera,Chironomidae,Cricotopus,,95.56,Published
>OTU_506,Arthropoda,Insecta,Diptera,Chironomidae,,,98.52,Published
>OTU_507,Arthropoda,Insecta,Diptera,Chironomidae,,,97.78,Private
>OTU_508,Arthropoda,Insecta,Diptera,Simuliidae,Simulium,,97.78,Published
>OTU_509,Arthropoda,Insecta,Diptera,Chironomidae,Cricotopus,,96.99,Published
>OTU_510,Arthropoda,Insecta,Ephemeroptera,Baetidae,Baetis,,96.21,Published
>OTU_511,Arthropoda,Insecta,Lepidoptera,Crambidae,Petrophila,nr. kearfottalis,100,Published
>OTU_512,Annelida,Clitellata,Haplotaxida,,,,85.33,Private
>OTU_513,Arthropoda,Insecta,Diptera,Ceratopogonidae,,,91.11,Private
>OTU_514,Arthropoda,Insecta,Diptera,Chironomidae,,,91.85,Published
>OTU_515,Arthropoda,Insecta,Diptera,,,,89.63,Private
>OTU_516,Chordata,Elasmobranchii,,,,,79.05,Published
>OTU_517,Arthropoda,Insecta,Diptera,Chironomidae,,,99.26,Private
>OTU_518,Arthropoda,Insecta,Plecoptera,Capniidae,,,92.59,Private
>OTU_519,Arthropoda,Collembola,,,,,80.34,Private
>OTU_520,Arthropoda,Insecta,Diptera,Chironomidae,Micropsectra,,100,Published
>OTU_521,Arthropoda,Insecta,Diptera,Dolichopodidae,Tachytrechus,angustipennis,99.26,Published
>OTU_522,Arthropoda,Insecta,Diptera,Chironomidae,,,100,Published
>OTU_523,Arthropoda,Insecta,Lepidoptera,Gelechiidae,Faculta,,100,Published
>OTU_524,Arthropoda,Insecta,Diptera,Drosophilidae,Drosophila,,96.3,Published
>OTU_525,Arthropoda,Insecta,Coleoptera,Silphidae,,,90.15,Published
>OTU_526,Arthropoda,Insecta,,,,,81.71,Published
>OTU_527,Arthropoda,Insecta,Diptera,Tipulidae,Tipula,,99.24,Published
>OTU_528,Arthropoda,Ostracoda,Podocopida,Cyprididae,Cypridopsis,vidua,98.2,Published
>OTU_529,Arthropoda,Insecta,Diptera,Tachinidae,,,91.85,Published
>OTU_530,Arthropoda,Insecta,Coleoptera,Scarabaeidae,,,92.59,Early-Release
>OTU_531,Arthropoda,Insecta,Diptera,Dolichopodidae,,,97.78,Private
>OTU_532,Arthropoda,Insecta,Diptera,Tipulidae,Tipula,,99.26,Early-Release
>OTU_533,Arthropoda,Insecta,Coleoptera,Silphidae,,,90.37,Private
>OTU_534,Arthropoda,Insecta,Diptera,Chironomidae,,,92.59,Private
>OTU_535,Arthropoda,Insecta,Diptera,Chironomidae,,,99.26,Published
>OTU_536,Arthropoda,Insecta,Diptera,Chironomidae,Eukiefferiella,,97.04,Published
>OTU_537,Arthropoda,Insecta,Diptera,Ephydridae,Scatella,,100,Published
>OTU_538,Arthropoda,Ostracoda,Podocopida,Podocopida_incertae_sedis,,,91.85,Published
>OTU_539,Arthropoda,Insecta,Archaeognatha,,,,88.06,Published
>OTU_540,Arthropoda,Insecta,Diptera,Chironomidae,Cryptochironomus,,97.76,Published
>OTU_541,Arthropoda,Insecta,Coleoptera,Buprestidae,Chrysobothris,merkelii,99.26,Published
>OTU_542,Arthropoda,Insecta,Diptera,Ceratopogonidae,,,100,Published
>OTU_543,Porifera,Demospongiae,,,,,80.3,Published
>OTU_544,Arthropoda,Insecta,Diptera,Limoniidae,,,90.91,Published
>OTU_545,Arthropoda,Insecta,Archaeognatha,,,,89.63,Published
>OTU_546,Arthropoda,Insecta,Diptera,Chironomidae,,,100,Published
>OTU_547,Arthropoda,Insecta,Diptera,Chironomidae,,,94.07,Private
>OTU_548,Arthropoda,Insecta,Diptera,Fanniidae,,,91.11,Published
>OTU_549,Cnidaria,Hydrozoa,,,,,78.03,Published
>OTU_550,Heterokontophyta,Oomycota,,,,,78.05,Published
>OTU_551,Arthropoda,Insecta,Diptera,Chironomidae,Cricotopus,trifascia,100,Published
>OTU_552,Arthropoda,Insecta,Diptera,Ceratopogonidae,,,95.56,Early-Release
>OTU_553,Arthropoda,Insecta,Diptera,Chironomidae,,,90.37,Published
>OTU_554,Arthropoda,Insecta,Diptera,Chironomidae,,,100,Private
>OTU_555,Arthropoda,Insecta,Diptera,Chironomidae,Cricotopus,bicinctus grp.,99.19,Published
>OTU_556,Arthropoda,Branchiopoda,,,,,77.78,Published
>OTU_557,Arthropoda,Insecta,Coleoptera,,,,89.39,Published
>OTU_558,Arthropoda,Insecta,Coleoptera,Cleridae,,,90.3,Published
>OTU_559,Arthropoda,Insecta,Diptera,Muscidae,,,92.59,Published
>OTU_560,Arthropoda,Insecta,Diptera,Limoniidae,Antocha,,97.04,Published
>OTU_561,Arthropoda,Insecta,Diptera,Chironomidae,,,100,Published
>OTU_562,Rhodophyta,Florideophyceae,,,,,80,Private
>OTU_563,Arthropoda,Insecta,Coleoptera,,,,86.82,Private
>OTU_564,Arthropoda,Insecta,Diptera,Chironomidae,Procladius,,100,Published
>OTU_565,Arthropoda,Insecta,Diptera,Agromyzidae,Liriomyza,septentrionalis,98.52,Published
>OTU_566,Arthropoda,Insecta,Diptera,Empididae,Neoplasta,,100,Published
>OTU_567,Arthropoda,Ostracoda,Podocopida,Cyprididae,,,93.33,Published
>OTU_568,Arthropoda,Insecta,Diptera,Rhagionidae,Chrysopilus,,100,Published
>OTU_569,Arthropoda,Insecta,Diptera,Chironomidae,,,97.04,Private
>OTU_570,Arthropoda,Insecta,Coleoptera,Carabidae,,,90.91,Published
>OTU_571,Arthropoda,Insecta,Diptera,Ceratopogonidae,,,94.07,Published
>OTU_572,Arthropoda,Insecta,Diptera,Chironomidae,,,93.23,Private
>OTU_573,Annelida,Clitellata,Haplotaxida,Naididae,Chaetogaster,diastrophus,98.52,Published
>OTU_574,Arthropoda,Insecta,Diptera,Milichiidae,Madiza,,99.26,Published
>OTU_575,Arthropoda,Arachnida,Solifugae,Eremobatidae,,,97.04,Early-Release
>OTU_576,Arthropoda,Insecta,Lepidoptera,Gelechiidae,Scrobipalpula,sp. nr. diffluella,98.48,Early-Release
>OTU_577,Arthropoda,Insecta,Archaeognatha,,,,86.67,Published
>OTU_578,Arthropoda,Ostracoda,Podocopida,Cyprididae,,,99.26,Published
>OTU_579,Arthropoda,Insecta,Coleoptera,Silphidae,,,91.67,Published
>OTU_580,Arthropoda,Insecta,,,,,82.29,Published
>OTU_581,Arthropoda,Insecta,Diptera,Chironomidae,Orthocladius,,96.3,Published
>OTU_582,Arthropoda,Insecta,Diptera,Chironomidae,Psectrocladius,platypus,100,Published
>OTU_583,Arthropoda,Insecta,Diptera,Blephariceridae,Philorus,,95.56,Private
>OTU_584,Arthropoda,Insecta,Diptera,Chironomidae,,,94.81,Published
>OTU_585,Arthropoda,Insecta,Diptera,Chironomidae,,,92.59,Private
>OTU_586,Arthropoda,Insecta,Diptera,Chironomidae,,,91.85,Early-Release
>OTU_587,Arthropoda,Insecta,Diptera,Chironomidae,,,94.81,Published
>OTU_588,Annelida,Clitellata,Haplotaxida,Naididae,,,90.91,Published
>OTU_589,Arthropoda,Insecta,Ephemeroptera,Baetidae,Fallceon,quilleri A BG,99.22,Published
>OTU_590,Arthropoda,Insecta,Diptera,Psychodidae,Psychoda,cinerea,100,Published
>OTU_592,Arthropoda,Insecta,Diptera,Drosophilidae,Drosophila,,97.04,Published
>OTU_593,Arthropoda,Insecta,Diptera,Chironomidae,,,96.3,Private
>OTU_594,Arthropoda,Insecta,Ephemeroptera,,,,88.15,Published
>OTU_595,Arthropoda,Insecta,Diptera,Chironomidae,Procladius,,100,Published
>OTU_597,Arthropoda,Insecta,Diptera,Anthomyiidae,,,99.26,Published
>OTU_598,Arthropoda,Insecta,Lepidoptera,Geometridae,Stenoporpia,pulchella,99.22,Published
>OTU_599,Arthropoda,Insecta,Diptera,Tipulidae,Tipula,,95.56,Early-Release
>OTU_600,Arthropoda,Insecta,Diptera,Cecidomyiidae,,,95.56,Published
>OTU_601,Arthropoda,Arachnida,Trombidiformes,,,,85.27,Published
>OTU_603,Arthropoda,Insecta,Diptera,Chironomidae,Cricotopus,,95.56,Private
>OTU_604,Arthropoda,Insecta,Diptera,Stratiomyidae,,,92.5,Published
>OTU_605,Annelida,Clitellata,,,,,82.67,Private
>OTU_606,Arthropoda,Insecta,Coleoptera,Carabidae,Platynus,brunneomarginatus,100,Early-Release
>OTU_607,Arthropoda,Insecta,Diptera,Muscidae,Limnophora,,95.56,Private
>OTU_608,Arthropoda,Insecta,Diptera,Limoniidae,,,93.33,Published
>OTU_610,Arthropoda,Insecta,Coleoptera,Hydrophilidae,,,94.07,Published
>OTU_611,Arthropoda,Hexanauplia,,,,,84.26,Private
>OTU_612,Arthropoda,Insecta,Diptera,Chironomidae,,,94.81,Published
>OTU_613,Arthropoda,Insecta,,,,,77.04,Published
>OTU_614,Arthropoda,Insecta,Diptera,Simuliidae,Simulium,,97.78,Published
>OTU_615,Arthropoda,Insecta,Diptera,Chironomidae,Cricotopus,,97.78,Private
>OTU_616,Arthropoda,Insecta,Diptera,,,,87.41,Published
>OTU_617,Arthropoda,Insecta,Coleoptera,Hybosoridae,,,90.3,Private
>OTU_618,Arthropoda,Insecta,Diptera,Chironomidae,,,100,Published
>OTU_619,Arthropoda,Hexanauplia,,,,,84.44,Published
>OTU_620,Arthropoda,Insecta,Diptera,Agromyzidae,,,96.3,Published
>OTU_621,Arthropoda,Insecta,Diptera,Chironomidae,,,99.26,Published
>OTU_622,Arthropoda,Insecta,Coleoptera,,,,89.63,Published
>OTU_623,Arthropoda,Insecta,Coleoptera,Carabidae,,,90.48,Published
>OTU_624,Arthropoda,Insecta,Diptera,Culicidae,Culiseta,impatiens,99.26,Published
>OTU_625,Mollusca,Gastropoda,,Physidae,,,92.59,Published
>OTU_626,Mollusca,Gastropoda,,Physidae,,,94.07,Published
>OTU_627,Arthropoda,Insecta,Diptera,Chironomidae,,,94.81,Published
>OTU_628,Arthropoda,Insecta,Diptera,Chironomidae,Corynoneura,,95.56,Published
>OTU_629,Arthropoda,Branchiopoda,Anomopoda,Chydoridae,Alona,circumfibriata,100,Private
>OTU_630,Annelida,Clitellata,Enchytraeida,,,,85.93,Early-Release
>OTU_631,Arthropoda,Insecta,Diptera,Chironomidae,,,94.07,Private
>OTU_632,Arthropoda,Insecta,Diptera,Chironomidae,Smittia,,97.78,Published
>OTU_633,Arthropoda,Insecta,Diptera,Chironomidae,,,94.07,Published
>OTU_634,Arthropoda,Insecta,Coleoptera,Staphylinidae,,,91.11,Published
>OTU_635,Arthropoda,Insecta,Diptera,Chironomidae,,,94.81,Private
>OTU_636,Arthropoda,Insecta,Diptera,Chironomidae,,,91.85,Private
>OTU_637,Arthropoda,Insecta,Coleoptera,Staphylinidae,Oxypoda,lacustris,100,Published
>OTU_639,Arthropoda,Insecta,Diptera,Ceratopogonidae,,,100,Published
>OTU_640,Arthropoda,Insecta,Diptera,Ceratopogonidae,,,91.11,Private
>OTU_641,Arthropoda,Insecta,Diptera,Drosophilidae,,,92.59,Published
>OTU_642,Arthropoda,Insecta,Diptera,Chironomidae,,,94.81,Published
>OTU_643,Porifera,Demospongiae,,,,,75.83,Published
>OTU_645,Arthropoda,Insecta,Coleoptera,Chrysomelidae,,,90.15,Private
>OTU_646,Arthropoda,Insecta,Diptera,Ceratopogonidae,,,100,Published
>OTU_647,Arthropoda,Insecta,,,,,82.84,Published
>OTU_648,Basidiomycota,Agaricomycetes,,,,,80.45,Published
>OTU_649,Annelida,Clitellata,Haplotaxida,,,,88.62,Published
>OTU_650,Arthropoda,Insecta,Diptera,Bombyliidae,,,93.33,Early-Release
>OTU_651,Arthropoda,Insecta,Diptera,Simuliidae,Simulium,,97.04,Published
>OTU_652,Arthropoda,Insecta,Diptera,Ceratopogonidae,,,92.59,Private
>OTU_653,Arthropoda,Insecta,Diptera,Chironomidae,,,93.33,Private
>OTU_654,Arthropoda,Insecta,Diptera,Chironomidae,Cricotopus,,95,Private
>OTU_655,Arthropoda,Insecta,Diptera,Simuliidae,Simulium,,97.04,Published
>OTU_656,Arthropoda,Insecta,Diptera,Chironomidae,,,98.52,Published
>OTU_657,Mollusca,Gastropoda,,Physidae,,,92.59,Published
>OTU_658,Arthropoda,Insecta,Coleoptera,Scarabaeidae,,,92.42,Early-Release
>OTU_659,Rhodophyta,Florideophyceae,,,,,81.93,Private
>OTU_660,Arthropoda,Insecta,Diptera,Bombyliidae,Mythicomyia,,95.56,Early-Release
>OTU_661,Arthropoda,Insecta,Lepidoptera,Tineidae,Acrolophus,,97.78,Early-Release
>OTU_662,Arthropoda,Insecta,Diptera,Chironomidae,Orthocladius,,100,Published
>OTU_663,Arthropoda,Insecta,Coleoptera,Lampyridae,Pyropyga,nigricans,99.26,Published
>OTU_664,Arthropoda,Insecta,Diptera,Simuliidae,,,100,Published
>OTU_665,Arthropoda,Insecta,Archaeognatha,,,,86.67,Private
>OTU_666,Arthropoda,Insecta,Coleoptera,Dytiscidae,Ilybiosoma,perplexum,99.26,Published
>OTU_667,Arthropoda,Insecta,Diptera,Chironomidae,Nanocladius,balticus,99.26,Published
>OTU_668,Arthropoda,Insecta,Diptera,Chironomidae,,,96.3,Published
>OTU_669,Arthropoda,Insecta,Ephemeroptera,Baetidae,Acentrella,,97.78,Published
>OTU_670,Arthropoda,Insecta,Diptera,Drosophilidae,,,91.11,Published
>OTU_671,Arthropoda,Insecta,Diptera,Chironomidae,,,93.33,Published
>OTU_672,Arthropoda,Insecta,Diptera,Chironomidae,,,96.97,Published
>OTU_673,Arthropoda,Insecta,Diptera,Empididae,Clinocera,binotata,100,Early-Release
>OTU_674,Arthropoda,Ostracoda,Podocopida,Cyprididae,,,91.04,Published
>OTU_675,Arthropoda,Insecta,Diptera,Tachinidae,,,100,Published
>OTU_676,Arthropoda,Malacostraca,,,,,79.67,Published
>OTU_677,Arthropoda,Insecta,,,,,77.67,Published
>OTU_678,Cnidaria,Anthozoa,,,,,80,Published
>OTU_679,Arthropoda,Insecta,Coleoptera,,,,89.63,Published
>OTU_680,Arthropoda,Insecta,Coleoptera,,,,89.68,Published
>OTU_682,Arthropoda,Ostracoda,Podocopida,Ilyocyprididae,Ilyocypris,bradyi,98.52,Early-Release
>OTU_683,Arthropoda,Insecta,Lepidoptera,,,,88.64,Published
>OTU_684,Arthropoda,Insecta,Lepidoptera,Lycaenidae,,,92.05,Private
>OTU_685,Arthropoda,Chilopoda,Scolopendromorpha,Scolopendridae,,,94.07,Published
>OTU_688,Arthropoda,Insecta,Diptera,Stratiomyidae,,,93.94,Private
>OTU_689,Arthropoda,Insecta,Coleoptera,Dytiscidae,Laccophilus,maculosus,100,Published
>OTU_690,Heterokontophyta,Oomycota,,,,,81.82,Private
>OTU_692,Heterokontophyta,Oomycota,,,,,74.81,Published
>OTU_694,Arthropoda,Insecta,Diptera,Chironomidae,Cricotopus,,97.04,Published
>OTU_695,Arthropoda,Insecta,Diptera,Chironomidae,,,94.81,Published
>OTU_696,Arthropoda,Insecta,Diptera,Empididae,,,94.81,Early-Release
>OTU_697,Arthropoda,Insecta,Diptera,Chironomidae,Cricotopus,,97.04,Published
>OTU_698,Arthropoda,Insecta,Diptera,Chironomidae,,,90.37,Published
>OTU_701,Arthropoda,Insecta,Archaeognatha,,,,86.67,Private
>OTU_702,Arthropoda,Insecta,Lepidoptera,Erebidae,Schrankia,,100,Published
>OTU_703,Arthropoda,Insecta,Coleoptera,Psephenidae,Psephenus,,100,Published
>OTU_704,Arthropoda,Insecta,Diptera,Drosophilidae,,,91.85,Published
>OTU_706,Arthropoda,Insecta,Diptera,Dolichopodidae,Calyxochaetus,sp.,99.26,Early-Release
>OTU_707,Arthropoda,Insecta,Diptera,Stratiomyidae,,,97.04,Early-Release
>OTU_708,Arthropoda,Insecta,Hemiptera,Cicadellidae,Exitianus,exitiosus,100,Published
>OTU_710,Arthropoda,Insecta,Diptera,Ceratopogonidae,,,100,Private
>OTU_712,Arthropoda,Insecta,Diptera,Ceratopogonidae,,,100,Published
>OTU_713,Arthropoda,Insecta,Diptera,Chironomidae,,,93.33,Published
>OTU_716,Arthropoda,Insecta,Diptera,Ephydridae,,,94.81,Early-Release
>OTU_717,No Match,No Match,No Match,No Match,No Match,No Match,No Match,No Match
>OTU_718,Arthropoda,Ostracoda,,,,,90.37,Published
>OTU_719,Arthropoda,Insecta,Ephemeroptera,Leptophlebiidae,Thraulodes,speciosus,100,Published
>OTU_721,Arthropoda,Insecta,Coleoptera,Staphylinidae,,,93.33,Private
>OTU_722,Arthropoda,Insecta,Diptera,Chironomidae,,,96.3,Private
>OTU_723,Arthropoda,Insecta,Diptera,Simuliidae,Simulium,veracruzanum,100,Private
>OTU_724,Arthropoda,Collembola,,,,,79.49,Published
>OTU_726,Arthropoda,Insecta,Diptera,Simuliidae,Simulium,,97.78,Published
>OTU_727,Arthropoda,Ostracoda,Podocopida,Podocopida_incertae_sedis,,,91.11,Published
>OTU_730,No Match,No Match,No Match,No Match,No Match,No Match,No Match,No Match
>OTU_733,Arthropoda,Insecta,Diptera,Chironomidae,,,94.81,Published
>OTU_735,Arthropoda,Insecta,Diptera,Chironomidae,,,92.59,Published
>OTU_737,Arthropoda,Insecta,Ephemeroptera,Baetidae,Baetis,rhodani,99.24,Published
>OTU_738,Arthropoda,Insecta,Diptera,Chironomidae,,,100,Private
>OTU_739,Arthropoda,Insecta,Hemiptera,Belostomatidae,Belostoma,flumineum,100,Published
>OTU_740,Arthropoda,Insecta,Diptera,Chironomidae,Cricotopus,,97.78,Private
>OTU_743,Arthropoda,Insecta,Diptera,Empididae,,,92.59,Early-Release
>OTU_744,Arthropoda,Insecta,Diptera,Ceratopogonidae,,,92.59,Published
>OTU_746,Arthropoda,Insecta,Megaloptera,Corydalidae,Corydalus,,97.78,Early-Release
>OTU_747,Arthropoda,Insecta,Diptera,Simuliidae,Simulium,,97.04,Published
>OTU_748,Arthropoda,Insecta,Neuroptera,Chrysopidae,Chrysoperla,,95.45,Published
>OTU_749,Arthropoda,Insecta,Diptera,Ephydridae,Hydrellia,,97.78,Published
>OTU_750,Arthropoda,Insecta,Diptera,Chironomidae,,,97.78,Private
>OTU_751,Arthropoda,Insecta,Coleoptera,Dytiscidae,Platambus,semivittatus,98.37,Published
>OTU_752,Arthropoda,Insecta,Diptera,Chironomidae,Eukiefferiella,,97.04,Published
>OTU_753,Arthropoda,Insecta,Diptera,Chironomidae,Orthocladius,,97.04,Published
>OTU_754,Arthropoda,Insecta,Diptera,Simuliidae,Simulium,,97.04,Published
>OTU_755,Arthropoda,Insecta,Diptera,Chironomidae,Cricotopus,,97.78,Private
>OTU_756,Arthropoda,Insecta,Diptera,Chironomidae,,,96.3,Published
>OTU_757,Arthropoda,Ostracoda,Podocopida,,,,89.39,Published
>OTU_758,Arthropoda,Insecta,Coleoptera,,,,86.67,Published
>OTU_759,Arthropoda,Insecta,Diptera,Simuliidae,Simulium,sp.,98.52,Private
>OTU_760,Arthropoda,Insecta,Diptera,Chironomidae,Eukiefferiella,,95.56,Published
>OTU_761,Arthropoda,Insecta,Diptera,Chironomidae,Cricotopus,,96.3,Published
>OTU_762,Arthropoda,Insecta,Diptera,Chironomidae,Orthocladius,,97.78,Published
>OTU_763,Arthropoda,Insecta,Diptera,Chironomidae,Cricotopus,,98.52,Published
>OTU_764,Arthropoda,Insecta,Diptera,Simuliidae,Simulium,arcticum,98.52,Published
>OTU_765,Arthropoda,Insecta,Coleoptera,Carabidae,Bembidion,petrosum,100,Early-Release
>OTU_767,Arthropoda,Insecta,Diptera,Stratiomyidae,,,90.15,Private
>OTU_768,Arthropoda,Insecta,Coleoptera,Staphylinidae,Liogluta,,100,Published
>OTU_769,Arthropoda,Insecta,,,,,82.83,Published
>OTU_770,Arthropoda,Insecta,Diptera,Ceratopogonidae,,,94.81,Private
>OTU_771,Arthropoda,Insecta,Diptera,Bombyliidae,Mythicomyia,,97.78,Published
>OTU_772,Arthropoda,Insecta,Coleoptera,Tenebrionidae,,,91.11,Published
>OTU_774,Arthropoda,Insecta,Diptera,Chironomidae,,,94.81,Private
>OTU_775,Arthropoda,Insecta,Diptera,Fanniidae,Fannia,canicularis,100,Published
>OTU_776,Arthropoda,Insecta,Coleoptera,Cryptophagidae,,,90.15,Private
>OTU_778,Arthropoda,Insecta,Diptera,Calliphoridae,Phormia,regina,100,Published
>OTU_779,Arthropoda,Insecta,Hemiptera,Miridae,Phytocoris,,97.78,Published
>OTU_780,Arthropoda,Insecta,Coleoptera,Sphaeriusidae,Sphaerius,sp. BT0074,100,Published
>OTU_781,Arthropoda,Insecta,Diptera,Stratiomyidae,,,92.42,Private
>OTU_782,Arthropoda,Insecta,Coleoptera,Staphylinidae,,,97.78,Published
>OTU_786,Arthropoda,Insecta,Diptera,Chironomidae,,,100,Private
>OTU_788,Cnidaria,Hydrozoa,,,,,78.52,Published
>OTU_790,Arthropoda,Insecta,Archaeognatha,,,,86.67,Published
>OTU_791,Arthropoda,Insecta,Diptera,Chironomidae,Hydrobaenus,,98.52,Private
>OTU_792,Arthropoda,Insecta,Diptera,Bombyliidae,Mythicomyia,,100,Published
>OTU_796,Arthropoda,Insecta,Diptera,Ceratopogonidae,,,91.85,Private
>OTU_797,Arthropoda,Insecta,Coleoptera,Staphylinidae,Carpelimus,subtilis,100,Published
>OTU_799,Arthropoda,Insecta,Coleoptera,Buprestidae,Acmaeodera,,98.52,Early-Release
>OTU_800,Arthropoda,Insecta,Diptera,Dolichopodidae,,,97.78,Private
>OTU_802,Arthropoda,Ostracoda,Podocopida,Cyprididae,,,92.42,Published
>OTU_803,Arthropoda,Insecta,Diptera,Chironomidae,,,97.78,Private
>OTU_804,Arthropoda,Insecta,Diptera,Limoniidae,,,99.26,Published
>OTU_809,Arthropoda,Insecta,Hemiptera,Notonectidae,Notonecta,,96.3,Published
>OTU_810,Arthropoda,Insecta,Diptera,Ceratopogonidae,,,99.26,Private
>OTU_811,Mollusca,Gastropoda,,Physidae,,,92.42,Published
>OTU_812,Arthropoda,Insecta,Diptera,Anthomyiidae,Fucellia,,96.21,Published
>OTU_813,Arthropoda,Insecta,Coleoptera,Scarabaeidae,,,90.91,Published
>OTU_816,Arthropoda,Insecta,Diptera,Chironomidae,,,100,Private
>OTU_821,Arthropoda,Insecta,Coleoptera,,,,89.39,Published
>OTU_825,Arthropoda,Insecta,Neuroptera,Coniopterygidae,,,99.24,Published
>OTU_826,Arthropoda,Insecta,Diptera,Chironomidae,,,91.67,Private
>OTU_827,Arthropoda,Insecta,Diptera,Pediciidae,,,91.85,Early-Release
>OTU_828,Arthropoda,Insecta,Plecoptera,Capniidae,Mesocapnia,,97.78,Private
>OTU_829,Arthropoda,Insecta,Ephemeroptera,Leptohyphidae,Tricorythodes,cf. curvatus,100,Published
>OTU_832,Arthropoda,Insecta,Diptera,Psychodidae,,,92.59,Published
>OTU_833,Arthropoda,Insecta,Diptera,Chironomidae,,,100,Early-Release
>OTU_834,Arthropoda,Insecta,Diptera,Chironomidae,,,92.59,Published
>OTU_841,Arthropoda,Insecta,Diptera,Chironomidae,Chironomus,maturus,100,Published
>OTU_842,Rhodophyta,Florideophyceae,,,,,80,Private
>OTU_844,Arthropoda,Ostracoda,Podocopida,Cyprididae,Heterocypris,salina,98.52,Published
>OTU_847,Annelida,Clitellata,,,,,84.85,Private
>OTU_858,Arthropoda,Insecta,,,,,83.54,Private
>OTU_859,Arthropoda,Insecta,Coleoptera,,,,88.89,Published
>OTU_863,Arthropoda,Insecta,Diptera,Simuliidae,Simulium,,100,Published
>OTU_868,Arthropoda,Collembola,,,,,82.17,Published
>OTU_871,Arthropoda,Insecta,Diptera,Chironomidae,Eukiefferiella,,97.04,Published
>OTU_873,Arthropoda,Insecta,Diptera,Chironomidae,Eukiefferiella,,97.78,Published
>OTU_874,Arthropoda,Insecta,Diptera,Chironomidae,,,97.04,Published
>OTU_883,Arthropoda,Insecta,Diptera,Chironomidae,,,91.85,Published
>OTU_885,Arthropoda,Insecta,Diptera,Chironomidae,,,95.56,Published
>OTU_886,Arthropoda,Insecta,Diptera,Chironomidae,,,91.85,Private
>OTU_887,Arthropoda,Insecta,Diptera,Chironomidae,Cricotopus,,96.97,Published
>OTU_889,Arthropoda,Insecta,Diptera,Chironomidae,Orthocladius,,96.3,Published
>OTU_891,Arthropoda,Insecta,Diptera,Chironomidae,Cricotopus,,95.56,Published
>OTU_892,Arthropoda,Insecta,Diptera,Simuliidae,Simulium,chromatinum,98.48,Published
>OTU_893,Arthropoda,Insecta,Diptera,Chironomidae,Cricotopus,,96.97,Published
>OTU_894,Arthropoda,Insecta,Diptera,Chironomidae,Orthocladius,,96.3,Published
>OTU_896,Arthropoda,Insecta,Diptera,Simuliidae,Simulium,,96.3,Published
>OTU_897,Arthropoda,Insecta,Ephemeroptera,Baetidae,Fallceon,,99.24,Published
>OTU_898,Arthropoda,Insecta,Diptera,Chironomidae,Orthocladius,,97.04,Published
>OTU_899,Arthropoda,Insecta,Diptera,Chironomidae,,,91.85,Published
>OTU_911,Mollusca,Gastropoda,,Physidae,,,93.8,Published
>OTU_920,Arthropoda,Insecta,Diptera,Simuliidae,Simulium,,97.78,Published
>OTU_932,Arthropoda,Insecta,Diptera,Stratiomyidae,,,98.51,Private
>OTU_933,Arthropoda,Insecta,Diptera,Ephydridae,,,94.81,Published
>OTU_934,Cnidaria,Hydrozoa,,,,,80.74,Published
>OTU_935,Arthropoda,Ostracoda,,,,,96.75,Published
>OTU_942,Arthropoda,Insecta,Diptera,Dixidae,,,98.52,Published
>OTU_949,Arthropoda,Insecta,Diptera,Simuliidae,,,94.81,Published
>OTU_950,Arthropoda,Insecta,Diptera,Tipulidae,,,97.78,Early-Release
>OTU_956,Arthropoda,Insecta,Diptera,Simuliidae,Simulium,vulgare,100,Private
>OTU_966,Arthropoda,Insecta,Diptera,Simuliidae,Simulium,,95.56,Published
>OTU_975,Arthropoda,Insecta,Diptera,,,,88.15,Published
>OTU_983,Arthropoda,Insecta,Diptera,Chironomidae,Cricotopus,,98.52,Published
>OTU_984,Arthropoda,Insecta,Diptera,Chironomidae,Eukiefferiella,,97.78,Published
>OTU_986,Arthropoda,Insecta,Diptera,Chironomidae,,,97.04,Published
>OTU_989,Arthropoda,Insecta,Diptera,Chironomidae,,,98.52,Private
>OTU_998,Arthropoda,Insecta,Diptera,Chironomidae,,,95.56,Private
>OTU_1001,Arthropoda,Insecta,Diptera,Chironomidae,Eukiefferiella,,96.3,Published
>OTU_1005,Arthropoda,Insecta,Diptera,Ceratopogonidae,,,93.33,Private
>OTU_1030,Arthropoda,Insecta,Diptera,Ceratopogonidae,,,91.85,Private
>OTU_1033,Arthropoda,Insecta,Diptera,Chironomidae,,,94.31,Published
>OTU_1036,Arthropoda,Insecta,Diptera,Chironomidae,,,96.21,Published
>OTU_1043,Arthropoda,Insecta,Diptera,Chironomidae,,,98.52,Private
>OTU_1048,Arthropoda,Insecta,Plecoptera,Capniidae,Capnura,wanica,99.26,Published
>OTU_1049,Arthropoda,Insecta,Diptera,Chironomidae,,,94.81,Published
>OTU_1050,Arthropoda,Insecta,,,,,82.5,Private
>OTU_1054,Arthropoda,Insecta,Megaloptera,Corydalidae,Neohermes,filicornis,99.26,Early-Release
>OTU_1072,Arthropoda,Insecta,Diptera,Chironomidae,Orthocladius,,96.3,Published
>OTU_1077,Arthropoda,Insecta,Diptera,Chironomidae,Eukiefferiella,,96.21,Published
>OTU_1082,Arthropoda,Insecta,Diptera,Chironomidae,,,96.3,Private
>OTU_1084,Arthropoda,Insecta,Diptera,Chironomidae,,,93.94,Published
>OTU_1090,Arthropoda,Insecta,Diptera,Ceratopogonidae,,,91.85,Private
>OTU_1094,Arthropoda,Insecta,Diptera,Chironomidae,Cricotopus,,96.3,Published
>OTU_1099,Arthropoda,Insecta,Diptera,Limoniidae,Antocha,,97.04,Published
>OTU_1100,Arthropoda,Insecta,Diptera,Empididae,Neoplasta,,96.12,Published
>OTU_1101,Arthropoda,Insecta,Coleoptera,Scraptiidae,,,91.11,Early-Release
>OTU_1120,Arthropoda,Insecta,Diptera,Chironomidae,,,97.04,Published
>OTU_1121,Arthropoda,Insecta,Diptera,Chironomidae,Rheotanytarsus,,95.56,Published
>OTU_1124,Arthropoda,Insecta,Diptera,Chironomidae,,,95.56,Private
>OTU_1127,Arthropoda,Insecta,Diptera,Simuliidae,Simulium,,97.04,Published
>OTU_1130,Arthropoda,Insecta,Diptera,Chironomidae,Orthocladius,,98.51,Published
>OTU_1132,Arthropoda,Insecta,Diptera,Chironomidae,Eukiefferiella,,96.12,Published
>OTU_1135,Arthropoda,Insecta,Coleoptera,Elmidae,Optioservus,,97.04,Private
>OTU_1138,Annelida,Clitellata,Haplotaxida,Naididae,,,90.91,Published
>OTU_1139,Arthropoda,Insecta,Diptera,Chironomidae,Eukiefferiella,,97.04,Published
>OTU_1140,Arthropoda,Insecta,Diptera,Chironomidae,,,96.21,Published
>OTU_1141,Arthropoda,Insecta,Diptera,Culicidae,Anopheles,,96.95,Published
>OTU_1143,Arthropoda,Insecta,Diptera,Chironomidae,Orthocladius,,96.3,Published
>OTU_1145,Arthropoda,Ostracoda,Podocopida,Podocopida_incertae_sedis,PodocopidGEN,,95.93,Published
>OTU_1146,Arthropoda,Insecta,Diptera,Simuliidae,Simulium,,97.04,Early-Release
>OTU_1149,Arthropoda,Insecta,Diptera,Syrphidae,,,91.85,Published
>OTU_1152,Arthropoda,Insecta,Diptera,Chironomidae,Cricotopus,,98.52,Published
>OTU_1156,Arthropoda,Insecta,Diptera,Chironomidae,Cricotopus,,96.3,Published
>OTU_1158,Arthropoda,Insecta,Diptera,Chironomidae,Eukiefferiella,,96.97,Published
>OTU_1161,Arthropoda,Insecta,Diptera,Limoniidae,Geranomyia,,98.52,Published
>OTU_1162,Arthropoda,Insecta,Diptera,Chironomidae,Cricotopus,,96.97,Published
>OTU_1163,Arthropoda,Insecta,Diptera,Chironomidae,Eukiefferiella,,95.56,Published
>OTU_1166,Arthropoda,Insecta,Diptera,Simuliidae,Simulium,,97.78,Private
>OTU_1169,Arthropoda,Insecta,Diptera,Chironomidae,Cricotopus,,95.56,Published
>OTU_1171,Arthropoda,Insecta,Diptera,Chironomidae,Podonomus,,95.56,Published
>OTU_1174,Arthropoda,Insecta,Diptera,Chironomidae,Thienemanniella,,97.78,Published